state,district,year,dm_kg,dm_tonnes
Haryana,Ambala,2012,27740575.91981868,27740.575919818682
Haryana,Ambala,2013,47234509.3947348,47234.5093947348
Haryana,Ambala,2014,39227642.954317406,39227.64295431741
Haryana,Ambala,2015,38405176.37084495,38405.17637084495
Haryana,Ambala,2016,31661635.960718643,31661.635960718642
Haryana,Ambala,2017,34653795.678108394,34653.79567810839
Haryana,Ambala,2018,18298824.43707339,18298.824437073392
Haryana,Bhiwani,2012,274470.3133161205,274.4703133161205
Haryana,Bhiwani,2013,2205583.3860624004,2205.5833860624
Haryana,Bhiwani,2014,2353340.2991648293,2353.3402991648295
Haryana,Bhiwani,2015,829188.5641837541,829.1885641837541
Haryana,Bhiwani,2016,16973418.330695,16973.418330695
Haryana,Bhiwani,2017,6011546.609533266,6011.546609533266
Haryana,Bhiwani,2018,1255617.8823729104,1255.6178823729103
Haryana,Faridabad,2012,271203.6195951895,271.20361959518954
Haryana,Faridabad,2013,263970.62521879724,263.97062521879724
Haryana,Faridabad,2014,1026165.119150496,1026.165119150496
Haryana,Faridabad,2015,110978.06247658894,110.97806247658893
Haryana,Faridabad,2016,1320310.8767052852,1320.3108767052852
Haryana,Faridabad,2017,500916.4404031146,500.9164404031146
Haryana,Faridabad,2018,377838.3347926509,377.83833479265087
Haryana,Fatehabad,2012,428009471.52099633,428009.4715209963
Haryana,Fatehabad,2013,500471112.78579676,500471.11278579675
Haryana,Fatehabad,2014,392500162.33358324,392500.1623335832
Haryana,Fatehabad,2015,435551966.784787,435551.966784787
Haryana,Fatehabad,2016,485125759.06597865,485125.75906597864
Haryana,Fatehabad,2017,418590721.8819964,418590.7218819964
Haryana,Fatehabad,2018,407564062.4155592,407564.0624155592
Haryana,Gurgaon,2012,11257.525769359112,11.257525769359113
Haryana,Gurgaon,2013,314485.85993314156,314.48585993314157
Haryana,Gurgaon,2014,4.767182120114244,0.004767182120114244
Haryana,Gurgaon,2015,10086.331777167537,10.086331777167537
Haryana,Gurgaon,2016,4295.356735816702,4.295356735816702
Haryana,Gurgaon,2017,31766.86528380967,31.766865283809672
Haryana,Gurgaon,2018,354470.4126020209,354.4704126020209
Haryana,Hisar,2012,12067075.98875494,12067.07598875494
Haryana,Hisar,2013,33439436.28506131,33439.43628506131
Haryana,Hisar,2014,9545182.876944995,9545.182876944995
Haryana,Hisar,2015,17173481.64587506,17173.481645875057
Haryana,Hisar,2016,37762014.786565006,37762.01478656501
Haryana,Hisar,2017,20077487.797675267,20077.48779767527
Haryana,Hisar,2018,20277679.6949062,20277.6796949062
Haryana,Jhajjar,2012,40633.05560399149,40.63305560399149
Haryana,Jhajjar,2013,815976.3924128497,815.9763924128497
Haryana,Jhajjar,2014,2683051.7627923056,2683.0517627923055
Haryana,Jhajjar,2015,1204.9335029084968,1.2049335029084969
Haryana,Jhajjar,2016,132258.97456717648,132.2589745671765
Haryana,Jhajjar,2017,3212315.2825292847,3212.3152825292846
Haryana,Jhajjar,2018,60331.33795476251,60.33133795476251
Haryana,Jind,2012,56263275.86535259,56263.275865352596
Haryana,Jind,2013,96912869.61459309,96912.86961459309
Haryana,Jind,2014,70404154.39687833,70404.15439687834
Haryana,Jind,2015,77314970.76568714,77314.97076568713
Haryana,Jind,2016,97990293.15460281,97990.29315460281
Haryana,Jind,2017,69899028.98192824,69899.02898192825
Haryana,Jind,2018,94438285.01580007,94438.28501580008
Haryana,Kaithal,2012,186022935.1117964,186022.9351117964
Haryana,Kaithal,2013,231836627.5670812,231836.62756708122
Haryana,Kaithal,2014,204070723.26503408,204070.7232650341
Haryana,Kaithal,2015,220586588.68275547,220586.58868275548
Haryana,Kaithal,2016,245024892.1420189,245024.8921420189
Haryana,Kaithal,2017,241395724.36965707,241395.72436965708
Haryana,Kaithal,2018,170898212.27963272,170898.21227963272
Haryana,Karnal,2012,100239413.73215441,100239.41373215441
Haryana,Karnal,2013,77692273.99132687,77692.27399132687
Haryana,Karnal,2014,110983863.97739111,110983.86397739111
Haryana,Karnal,2015,90846334.41381273,90846.33441381273
Haryana,Karnal,2016,140475083.4528897,140475.08345288972
Haryana,Karnal,2017,134454140.08895984,134454.14008895983
Haryana,Karnal,2018,44161767.703245975,44161.767703245976
Haryana,Kurukshetra,2012,94513916.26952308,94513.91626952308
Haryana,Kurukshetra,2013,93724916.5850265,93724.9165850265
Haryana,Kurukshetra,2014,80897289.96477923,80897.28996477922
Haryana,Kurukshetra,2015,73763548.23894519,73763.54823894518
Haryana,Kurukshetra,2016,78304981.16287047,78304.98116287046
Haryana,Kurukshetra,2017,89206478.81856322,89206.47881856322
Haryana,Kurukshetra,2018,53401566.710912816,53401.56671091282
Haryana,Mahendragarh,2012,168680.92287240335,168.68092287240336
Haryana,Mahendragarh,2013,0.0,0.0
Haryana,Mahendragarh,2014,32165.597045125807,32.16559704512581
Haryana,Mahendragarh,2015,211006.55665566574,211.00655665566575
Haryana,Mahendragarh,2016,242775.2066773856,242.7752066773856
Haryana,Mahendragarh,2017,552028.9049782963,552.0289049782963
Haryana,Mahendragarh,2018,9555.404331638189,9.555404331638188
Haryana,Mewat,2012,8709464.239266686,8709.464239266686
Haryana,Mewat,2013,16729643.688863892,16729.643688863893
Haryana,Mewat,2014,14279250.607502552,14279.250607502552
Haryana,Mewat,2015,12371670.604005184,12371.670604005183
Haryana,Mewat,2016,24853894.973104555,24853.894973104554
Haryana,Mewat,2017,17807703.320211366,17807.703320211367
Haryana,Mewat,2018,10892557.328052651,10892.557328052651
Haryana,Palwal,2012,50178258.512480855,50178.258512480854
Haryana,Palwal,2013,96577487.70755011,96577.48770755011
Haryana,Palwal,2014,84699578.32461838,84699.57832461839
Haryana,Palwal,2015,71664568.30679193,71664.56830679193
Haryana,Palwal,2016,150748233.6680074,150748.2336680074
Haryana,Palwal,2017,106728722.95661071,106728.72295661071
Haryana,Palwal,2018,66368059.169519566,66368.05916951956
Haryana,Panchkula,2012,1471567.2923040574,1471.5672923040574
Haryana,Panchkula,2013,2095731.639524676,2095.7316395246758
Haryana,Panchkula,2014,2359645.5645779707,2359.6455645779706
Haryana,Panchkula,2015,1833047.8186356002,1833.0478186356002
Haryana,Panchkula,2016,2145061.699019313,2145.061699019313
Haryana,Panchkula,2017,1632385.3438911615,1632.3853438911615
Haryana,Panchkula,2018,1491175.0424411618,1491.1750424411618
Haryana,Panipat,2012,24967610.07124088,24967.61007124088
Haryana,Panipat,2013,5944303.713695083,5944.3037136950825
Haryana,Panipat,2014,1692487.2844010582,1692.4872844010583
Haryana,Panipat,2015,7098650.711097914,7098.650711097914
Haryana,Panipat,2016,7032453.930041962,7032.453930041962
Haryana,Panipat,2017,5845252.949217356,5845.252949217356
Haryana,Panipat,2018,1836268.9183059891,1836.268918305989
Haryana,Rewari,2012,40147.87338832095,40.14787338832095
Haryana,Rewari,2013,89788.07361120264,89.78807361120263
Haryana,Rewari,2014,124261.9424620598,124.2619424620598
Haryana,Rewari,2015,0.0,0.0
Haryana,Rewari,2016,20025255.938562743,20025.255938562743
Haryana,Rewari,2017,562708.7643974477,562.7087643974477
Haryana,Rewari,2018,57120.49677641478,57.12049677641478
Haryana,Rohtak,2012,130150.45118233302,130.15045118233303
Haryana,Rohtak,2013,3766940.808476859,3766.940808476859
Haryana,Rohtak,2014,452032.3141467576,452.0323141467576
Haryana,Rohtak,2015,203510.94146664688,203.51094146664687
Haryana,Rohtak,2016,1036321.3423491677,1036.3213423491677
Haryana,Rohtak,2017,6375108.861404266,6375.1088614042665
Haryana,Rohtak,2018,1656044.2688737614,1656.0442688737614
Haryana,Sirsa,2012,196514686.62472546,196514.68662472547
Haryana,Sirsa,2013,374163510.7716107,374163.51077161066
Haryana,Sirsa,2014,287252056.02574456,287252.05602574453
Haryana,Sirsa,2015,413902639.9000753,413902.63990007533
Haryana,Sirsa,2016,501952512.8370751,501952.5128370751
Haryana,Sirsa,2017,397798881.5473284,397798.88154732843
Haryana,Sirsa,2018,351055572.66530424,351055.57266530424
Haryana,Sonipat,2012,1367062.588768667,1367.0625887686672
Haryana,Sonipat,2013,3351274.7657342134,3351.2747657342134
Haryana,Sonipat,2014,956756.9567552715,956.7569567552715
Haryana,Sonipat,2015,2069447.5385730076,2069.4475385730075
Haryana,Sonipat,2016,2793169.466649808,2793.169466649808
Haryana,Sonipat,2017,5018579.113227129,5018.579113227129
Haryana,Sonipat,2018,1504094.9836404389,1504.0949836404388
Haryana,Yamunanagar,2012,4967842.122824809,4967.842122824809
Haryana,Yamunanagar,2013,28734612.365459863,28734.612365459863
Haryana,Yamunanagar,2014,17154023.856646404,17154.023856646403
Haryana,Yamunanagar,2015,16148988.44544654,16148.98844544654
Haryana,Yamunanagar,2016,9790561.972685238,9790.561972685238
Haryana,Yamunanagar,2017,12274944.7688059,12274.9447688059
Haryana,Yamunanagar,2018,7018552.680280375,7018.552680280375
Punjab,Amritsar,2012,52615985.653072596,52615.985653072596
Punjab,Amritsar,2013,63005747.93345821,63005.74793345821
Punjab,Amritsar,2014,63826991.59490223,63826.99159490223
Punjab,Amritsar,2015,149364609.5233709,149364.6095233709
Punjab,Amritsar,2016,101388643.43262239,101388.64343262238
Punjab,Amritsar,2017,101359765.75941847,101359.76575941847
Punjab,Amritsar,2018,61019549.89352504,61019.54989352504
Punjab,Barnala,2012,342501739.622674,342501.739622674
Punjab,Barnala,2013,579244157.2331891,579244.1572331891
Punjab,Barnala,2014,577683911.6579931,577683.9116579931
Punjab,Barnala,2015,611441283.2266314,611441.2832266313
Punjab,Barnala,2016,552714385.580562,552714.3855805619
Punjab,Barnala,2017,371049976.5842932,371049.9765842932
Punjab,Barnala,2018,394147358.8761108,394147.3588761108
Punjab,Bathinda,2012,444046333.9315215,444046.33393152145
Punjab,Bathinda,2013,903068362.5928077,903068.3625928076
Punjab,Bathinda,2014,747814782.6468679,747814.7826468679
Punjab,Bathinda,2015,1113032842.6711478,1113032.8426711478
Punjab,Bathinda,2016,930404772.3530835,930404.7723530835
Punjab,Bathinda,2017,856309053.3722867,856309.0533722867
Punjab,Bathinda,2018,777543819.0773356,777543.8190773356
Punjab,Faridkot,2012,369380949.58317226,369380.9495831723
Punjab,Faridkot,2013,554921182.9876249,554921.1829876249
Punjab,Faridkot,2014,468781847.69780606,468781.8476978061
Punjab,Faridkot,2015,665443068.8629574,665443.0688629574
Punjab,Faridkot,2016,462240989.8450219,462240.9898450219
Punjab,Faridkot,2017,463395801.55754733,463395.80155754735
Punjab,Faridkot,2018,491970494.4415495,491970.49444154947
Punjab,Fatehgarh Sahib,2012,183618090.47159413,183618.09047159413
Punjab,Fatehgarh Sahib,2013,204093080.49483222,204093.08049483222
Punjab,Fatehgarh Sahib,2014,219147258.76629135,219147.25876629134
Punjab,Fatehgarh Sahib,2015,294851259.8860343,294851.2598860343
Punjab,Fatehgarh Sahib,2016,228967905.9641924,228967.90596419238
Punjab,Fatehgarh Sahib,2017,194112238.67167622,194112.23867167623
Punjab,Fatehgarh Sahib,2018,76850128.40968463,76850.12840968462
Punjab,Fazilka,2012,354140463.03144395,354140.46303144394
Punjab,Fazilka,2013,619007677.515699,619007.6775156991
Punjab,Fazilka,2014,713062858.3369007,713062.8583369007
Punjab,Fazilka,2015,851337290.0986824,851337.2900986824
Punjab,Fazilka,2016,464188524.6287506,464188.52462875063
Punjab,Fazilka,2017,618516747.9994715,618516.7479994715
Punjab,Fazilka,2018,594837249.8871849,594837.2498871848
Punjab,Firozpur,2012,442428518.98791575,442428.51898791577
Punjab,Firozpur,2013,673720725.1064199,673720.7251064199
Punjab,Firozpur,2014,564666076.448314,564666.076448314
Punjab,Firozpur,2015,753658904.2502859,753658.9042502858
Punjab,Firozpur,2016,596437442.825144,596437.442825144
Punjab,Firozpur,2017,573142045.1236647,573142.0451236648
Punjab,Firozpur,2018,582871099.9826595,582871.0999826594
Punjab,Gurdaspur,2012,60435245.06962711,60435.24506962711
Punjab,Gurdaspur,2013,50154291.55110974,50154.29155110974
Punjab,Gurdaspur,2014,67400656.41700314,67400.65641700313
Punjab,Gurdaspur,2015,93806604.5049985,93806.60450499851
Punjab,Gurdaspur,2016,74990988.86713195,74990.98886713195
Punjab,Gurdaspur,2017,79226706.09464192,79226.70609464192
Punjab,Gurdaspur,2018,55869635.79359059,55869.63579359059
Punjab,Hoshiarpur,2012,60515929.80943595,60515.92980943595
Punjab,Hoshiarpur,2013,39033555.49476027,39033.555494760265
Punjab,Hoshiarpur,2014,67370399.24366236,67370.39924366235
Punjab,Hoshiarpur,2015,72905334.13435346,72905.33413435346
Punjab,Hoshiarpur,2016,84671434.80457248,84671.43480457248
Punjab,Hoshiarpur,2017,78038708.56985562,78038.70856985562
Punjab,Hoshiarpur,2018,24095287.08596828,24095.287085968277
Punjab,Jalandhar,2012,263822311.81941232,263822.31181941234
Punjab,Jalandhar,2013,337016056.6313856,337016.05663138564
Punjab,Jalandhar,2014,360727388.89963156,360727.38889963157
Punjab,Jalandhar,2015,431314284.3495194,431314.28434951935
Punjab,Jalandhar,2016,445125851.15184796,445125.851151848
Punjab,Jalandhar,2017,200348330.10168526,200348.33010168525
Punjab,Jalandhar,2018,135579044.86641142,135579.04486641142
Punjab,Kapurthala,2012,161146046.73319754,161146.04673319755
Punjab,Kapurthala,2013,208877378.38809326,208877.37838809326
Punjab,Kapurthala,2014,229651883.27928382,229651.88327928382
Punjab,Kapurthala,2015,267698693.6673056,267698.6936673056
Punjab,Kapurthala,2016,256228326.66999868,256228.32666999867
Punjab,Kapurthala,2017,155393155.28714088,155393.15528714086
Punjab,Kapurthala,2018,97190937.3461217,97190.9373461217
Punjab,Ludhiana,2012,680292205.1468102,680292.2051468102
Punjab,Ludhiana,2013,993696624.3672817,993696.6243672817
Punjab,Ludhiana,2014,932799499.0122848,932799.4990122848
Punjab,Ludhiana,2015,1140585338.1066985,1140585.3381066986
Punjab,Ludhiana,2016,954914841.5168779,954914.8415168779
Punjab,Ludhiana,2017,438290225.81636345,438290.22581636347
Punjab,Ludhiana,2018,354444728.22511864,354444.72822511866
Punjab,Mansa,2012,285598444.97669274,285598.4449766927
Punjab,Mansa,2013,590855947.7855213,590855.9477855213
Punjab,Mansa,2014,426327796.54341096,426327.796543411
Punjab,Mansa,2015,548284410.2327104,548284.4102327104
Punjab,Mansa,2016,458809000.3317997,458809.0003317997
Punjab,Mansa,2017,524037813.37577355,524037.81337577355
Punjab,Mansa,2018,432623696.5792071,432623.69657920714
Punjab,Moga,2012,619418257.2789474,619418.2572789474
Punjab,Moga,2013,1001725743.174665,1001725.743174665
Punjab,Moga,2014,896251183.5939814,896251.1835939814
Punjab,Moga,2015,1131987634.2223716,1131987.6342223715
Punjab,Moga,2016,897611923.7854793,897611.9237854793
Punjab,Moga,2017,544918211.9761062,544918.2119761062
Punjab,Moga,2018,580904152.1781355,580904.1521781355
Punjab,Muktsar,2012,451877141.3051231,451877.1413051231
Punjab,Muktsar,2013,809980097.5316325,809980.0975316325
Punjab,Muktsar,2014,655329824.3989316,655329.8243989316
Punjab,Muktsar,2015,846814468.8774879,846814.4688774879
Punjab,Muktsar,2016,685852495.1652117,685852.4951652117
Punjab,Muktsar,2017,775143664.4075264,775143.6644075264
Punjab,Muktsar,2018,833428970.2747092,833428.9702747093
Punjab,Pathankot,2012,793238.5902330963,793.2385902330963
Punjab,Pathankot,2013,286676.61081043765,286.67661081043764
Punjab,Pathankot,2014,944714.3579801267,944.7143579801267
Punjab,Pathankot,2015,1454730.0730477714,1454.7300730477714
Punjab,Pathankot,2016,1177573.5431513481,1177.573543151348
Punjab,Pathankot,2017,699268.6843653147,699.2686843653147
Punjab,Pathankot,2018,745824.9493027127,745.8249493027126
Punjab,Patiala,2012,524363558.67451227,524363.5586745123
Punjab,Patiala,2013,783856229.8651137,783856.2298651137
Punjab,Patiala,2014,693217577.3780024,693217.5773780025
Punjab,Patiala,2015,764436534.4659201,764436.5344659201
Punjab,Patiala,2016,625561744.2646053,625561.7442646053
Punjab,Patiala,2017,608462523.9527836,608462.5239527836
Punjab,Patiala,2018,471149648.4870589,471149.6484870589
Punjab,Rupnagar,2012,38012109.210361734,38012.109210361734
Punjab,Rupnagar,2013,47878874.5236732,47878.8745236732
Punjab,Rupnagar,2014,40210428.701602474,40210.428701602475
Punjab,Rupnagar,2015,46267271.893975064,46267.27189397506
Punjab,Rupnagar,2016,52307312.42748398,52307.31242748399
Punjab,Rupnagar,2017,25118419.628815368,25118.41962881537
Punjab,Rupnagar,2018,5832271.369081164,5832.271369081163
Punjab,Sahibzada Ajit Singh Nagar,2012,20088313.31765259,20088.31331765259
Punjab,Sahibzada Ajit Singh Nagar,2013,19131220.74801444,19131.22074801444
Punjab,Sahibzada Ajit Singh Nagar,2014,13658018.091382261,13658.01809138226
Punjab,Sahibzada Ajit Singh Nagar,2015,25221994.709268443,25221.99470926844
Punjab,Sahibzada Ajit Singh Nagar,2016,17599862.795304865,17599.862795304864
Punjab,Sahibzada Ajit Singh Nagar,2017,17695903.367949016,17695.903367949017
Punjab,Sahibzada Ajit Singh Nagar,2018,7006234.704656986,7006.234704656986
Punjab,Sangrur,2012,787215424.5545073,787215.4245545072
Punjab,Sangrur,2013,1205611575.5261645,1205611.5755261646
Punjab,Sangrur,2014,1179326059.4185328,1179326.0594185328
Punjab,Sangrur,2015,1171068491.2287393,1171068.4912287393
Punjab,Sangrur,2016,1082296511.8345492,1082296.5118345493
Punjab,Sangrur,2017,844116546.4696052,844116.5464696052
Punjab,Sangrur,2018,883677396.8903954,883677.3968903954
Punjab,Shahid Bhagat Singh Nagar,2012,74206634.21822825,74206.63421822825
Punjab,Shahid Bhagat Singh Nagar,2013,85736782.23262876,85736.78223262876
Punjab,Shahid Bhagat Singh Nagar,2014,102201048.04103245,102201.04804103245
Punjab,Shahid Bhagat Singh Nagar,2015,108376425.92089906,108376.42592089907
Punjab,Shahid Bhagat Singh Nagar,2016,116226457.13077264,116226.45713077263
Punjab,Shahid Bhagat Singh Nagar,2017,44813324.51898354,44813.32451898354
Punjab,Shahid Bhagat Singh Nagar,2018,25802928.128263503,25802.928128263502
Punjab,Tarn Taran,2012,212239607.1559601,212239.6071559601
Punjab,Tarn Taran,2013,322890967.87231135,322890.96787231136
Punjab,Tarn Taran,2014,264904960.76186922,264904.9607618692
Punjab,Tarn Taran,2015,363801912.69837165,363801.9126983716
Punjab,Tarn Taran,2016,325025988.1811714,325025.9881811714
Punjab,Tarn Taran,2017,284830242.85483235,284830.2428548323
Punjab,Tarn Taran,2018,252528449.87701088,252528.4498770109
