state,district,year,iso_week,dm_tonnes,log_dm,pred_log,dw_clim,pred_tonnes
Haryana,Ambala,2017,39,29.210451498507013,3.4081879406198037,6.229577718021424,5.366569501561611,506.5411127712225
Haryana,Ambala,2017,40,889.3259780218422,6.791587663106912,5.5460706130970605,6.496664761038244,255.2287533085103
Haryana,Ambala,2017,41,3096.728267456936,8.03842430488227,8.124704861658643,7.7378692309776795,3375.871140437748
Haryana,Ambala,2017,42,11521.416472241108,9.35204967546803,8.99483436819698,8.368557883423465,8060.3343039646425
Haryana,Ambala,2017,43,11567.859397030728,9.35607223253043,9.314467349874244,9.01242885371893,11096.413585946726
Haryana,Ambala,2017,44,4639.461695782411,8.442569143671548,8.836295409804253,9.113117457581398,6878.459795881813
Haryana,Ambala,2017,45,1662.9966924479056,7.4169776336675834,7.975663035374062,8.709541763711703,2908.286192417732
Haryana,Ambala,2017,46,741.0286254670027,6.6093878212197374,6.948701820227157,7.257583478468659,1040.7964109177399
Haryana,Ambala,2017,47,399.7851826825795,5.99342557973243,5.531717921825679,5.697070787091922,251.5774468351658
Haryana,Ambala,2017,48,105.98208208827376,4.672661363320461,3.4321851683234454,3.9264502244407957,29.944187182448605
Haryana,Ambala,2018,40,273.2234073387077,5.61394312941731,6.5206793841024995,6.496664761038244,678.0395573454684
Haryana,Ambala,2018,41,1214.1447314127358,7.102618469184674,6.914561309612824,7.7378692309776795,1005.8292442915726
Haryana,Ambala,2018,42,5759.278271907408,8.658741063618029,8.44927425860599,8.368557883423465,4670.681072591577
Haryana,Ambala,2018,43,5915.215213396533,8.68545220136316,9.306548258853429,9.01242885371893,11008.879211457679
Haryana,Ambala,2018,44,3285.803703816892,8.097670852932659,8.900201125618594,9.113117457581398,7332.448335174228
Haryana,Ambala,2018,45,1361.2754326559486,7.21691169288405,7.971150277276862,8.709541763711703,2895.1868668701663
Haryana,Ambala,2018,46,340.5836574756039,5.833592619656421,6.922933572587894,7.257583478468659,1014.2940689197358
Haryana,Ambala,2018,47,110.09022870795512,4.710342742354273,4.915874218901298,5.697070787091922,135.43853482657732
Haryana,Ambala,2018,48,39.21062813022024,3.6941313420311475,2.6376407502659953,3.9264502244407957,12.980181929359192
Punjab,Amritsar,2017,39,432.4649662287514,6.07181097687349,6.914340847387821,7.488307351569776,1005.6073009421394
Punjab,Amritsar,2017,40,6170.186693302288,8.727646431193907,8.047008133272724,8.790405254151818,3123.43308612328
Punjab,Amritsar,2017,41,13369.618082603452,9.500814898092788,9.569362379265005,9.408423459291198,14318.283140848858
Punjab,Amritsar,2017,42,25079.5318679977,10.129847201379958,9.825610275612094,9.34656257498951,18500.55895977664
Punjab,Amritsar,2017,43,21949.31383048043,9.996536715917301,9.694780757646708,9.357048917071959,16231.663515082515
Punjab,Amritsar,2017,44,17759.40406383148,9.784726767629216,9.405442374468242,9.54248563716033,12153.349575615513
Punjab,Amritsar,2017,45,8017.592097052614,8.989518136454098,9.333399338711734,9.337070384204115,11308.511074762027
Punjab,Amritsar,2017,46,5701.892006391112,8.648728694696535,7.6329812455133625,7.855278061901354,2064.1977128085164
Punjab,Amritsar,2017,47,2662.1586352943987,7.887268154184049,6.133086647188532,5.6110498501814545,459.85646888111233
Punjab,Amritsar,2017,48,217.6117601245485,5.387297371754458,4.732246067708052,3.3142173571192983,112.55031784466361
Punjab,Amritsar,2018,40,2303.769334363544,7.742735878563592,8.05798497793548,8.790405254151818,3157.9184266176267
Punjab,Amritsar,2018,41,2483.3934496411885,7.817783824085789,8.77423798982033,9.408423459291198,6464.515272074878
Punjab,Amritsar,2018,42,8702.494790595032,9.071479924051197,8.977363910716596,9.34656257498951,7920.7222004110545
Punjab,Amritsar,2018,43,16657.61422425823,9.720682732444768,9.73351678345156,9.357048917071959,16872.789561034537
Punjab,Amritsar,2018,44,15911.539990730842,9.67486275602705,9.837504744113536,9.54248563716033,18721.93915992348
Punjab,Amritsar,2018,45,9025.293403332103,9.107897086321298,9.454900439927318,9.337070384204115,12769.593702603139
Punjab,Amritsar,2018,46,3904.822487459903,8.270223664285101,7.808172316853276,7.855278061901354,2459.6290727198166
Punjab,Amritsar,2018,47,1829.2727764503848,7.512220292897011,6.27135993378194,5.6110498501814545,528.196561026745
Punjab,Amritsar,2018,48,201.35218762749216,5.310009682370389,4.403602538469507,3.3142173571192983,80.74482773421256
Punjab,Barnala,2017,39,7.706721066070213,2.1640952637378543,1.013774009567604,0.001253854313409151,1.7559825171384769
Punjab,Barnala,2017,40,264.5949541826842,5.581972419615659,3.2834573801556832,0.48163117633530755,25.667814268690496
Punjab,Barnala,2017,41,1918.5165672475064,7.55982864542601,6.774956610364147,3.4237083052807087,874.6413684500513
Punjab,Barnala,2017,42,9115.35422240966,9.11782524682979,8.94721171028007,6.835439341704038,7685.42996037319
Punjab,Barnala,2017,43,26811.31955350165,10.196616745708393,10.823035693710203,9.66217949850577,50162.13602114307
Punjab,Barnala,2017,44,106693.4449393822,11.577724373510765,11.965608483220048,11.698804462791717,157251.56455728228
Punjab,Barnala,2017,45,121683.24395314384,11.709184804309368,12.360878495285164,12.450137594323948,233485.25640629986
Punjab,Barnala,2017,46,83482.85486568444,11.332408537241495,10.661293270615424,10.862298529220649,42670.78767291876
Punjab,Barnala,2017,47,20460.804290437984,9.926315221855855,7.601755102571176,7.355636547770748,2000.7060132649908
Punjab,Barnala,2017,48,612.0957106821204,6.41852105862954,5.619765577306669,2.894395207482979,274.82471608252325
Punjab,Barnala,2018,40,1.3761518019158228,0.8654822891547505,3.682090515872436,0.48163117633530755,38.7293621815245
Punjab,Barnala,2018,41,26.85158597446432,3.3268899117703405,4.123442995488576,3.4237083052807087,60.77155574526929
Punjab,Barnala,2018,42,1405.019770939021,7.24851813410604,6.313411348529728,6.835439341704038,550.9245480006299
Punjab,Barnala,2018,43,21626.82130452303,9.98173578823931,9.612587912678212,9.66217949850577,14950.814051248413
Punjab,Barnala,2018,44,108234.66190207576,11.592066183531488,11.426625526816698,11.698804462791717,91730.90509713397
Punjab,Barnala,2018,45,174075.8098533396,12.06725191673122,12.259606926910559,12.450137594323948,210997.6315538845
Punjab,Barnala,2018,46,76203.64913764343,11.241177752118595,11.510118880810307,10.862298529220649,99718.73506154482
Punjab,Barnala,2018,47,12352.880872999584,9.421725533421558,8.829452141140754,7.355636547770748,6831.542521092824
Punjab,Barnala,2018,48,220.2724314049776,5.3993946636301935,5.576917006932738,2.894395207482979,263.25565030210447
Punjab,Bathinda,2017,39,161.7648276130825,5.092306383624323,5.473682533137469,5.2387780760016005,237.33625987289216
Punjab,Bathinda,2017,40,2851.598759086032,7.95598570307767,6.539130507888488,6.752273544886063,690.6849019322027
Punjab,Bathinda,2017,41,12524.371155289256,9.43551155867084,9.227665614729968,8.691695076471685,10173.761952749719
Punjab,Bathinda,2017,42,51289.92890041942,10.84526919097033,10.615354566871698,9.884998863853399,40754.84593354389
Punjab,Bathinda,2017,43,114707.35539697608,11.650148146122376,12.053701486571224,11.094158164446862,171732.90374088922
Punjab,Bathinda,2017,44,279985.5242577744,12.542496753342409,12.684560575656906,12.228614857369097,322725.52626114135
Punjab,Bathinda,2017,45,215159.21289409607,12.279138205855439,12.81467638487569,12.685033487240222,367571.69399967924
Punjab,Bathinda,2017,46,138499.25247088526,11.838627427502347,11.09689040583141,11.254715208696613,65964.7143067626
Punjab,Bathinda,2017,47,39497.62074642231,10.58402103246748,8.559272836304329,8.365843522561779,5213.887716363015
Punjab,Bathinda,2017,48,1632.3778321857476,7.398405439254848,6.2819277670430065,5.056478908908104,533.8186765128858
Punjab,Bathinda,2018,40,270.36092684740265,5.603449768161542,7.785316168090997,6.752273544886063,2404.0264203956017
Punjab,Bathinda,2018,41,704.0100485180727,6.558212055927817,8.097099795767816,8.691695076471685,3283.927286834072
Punjab,Bathinda,2018,42,8141.956846807587,9.004908642031204,9.335647634272869,9.884998863853399,11333.966803588208
Punjab,Bathinda,2018,43,63507.42660174169,11.058927878466232,10.881327795198867,11.094158164446862,53173.15745573561
Punjab,Bathinda,2018,44,227311.07676849375,12.334079139834815,12.393298580113505,12.228614857369097,241178.94174440627
Punjab,Bathinda,2018,45,321685.46741248074,12.681332646481215,12.453309388346916,12.685033487240222,256095.4443730796
Punjab,Bathinda,2018,46,131370.13376041266,11.78578167871034,12.336331602279811,11.254715208696613,227823.66576171527
Punjab,Bathinda,2018,47,23949.292575316314,10.083735818852809,9.803491354321752,8.365843522561779,18095.817160807725
Punjab,Bathinda,2018,48,604.1325615834627,6.40544754408505,6.504945637099127,5.056478908908104,667.4393300656675
Haryana,Bhiwani,2017,39,0.0331199018782209,0.0325832549198469,0.4739747451234405,0.5469936350046143,0.6063664179295847
Haryana,Bhiwani,2017,40,1.9718865376643573,1.0891969490286186,0.9717287746905989,1.0255421111506373,1.6425088152053506
Haryana,Bhiwani,2017,41,8.154054198730314,2.214196862984112,2.0248804342808278,1.6980783232457433,6.575205155634957
Haryana,Bhiwani,2017,42,38.54882457104426,3.6775359736972786,3.309996331995546,2.113051076778634,26.385025023325237
Haryana,Bhiwani,2017,43,82.6517896590321,4.426662821812843,5.164827642081081,2.862736195495559,174.00729207949684
Haryana,Bhiwani,2017,44,159.19962143466617,5.07642067155198,5.396447538766607,3.495318349923722,219.62127391327928
Haryana,Bhiwani,2017,45,4808.3754963225565,8.478322520226211,6.327446687062876,4.951318105459743,558.7256131104035
Haryana,Bhiwani,2017,46,266.9595213804143,5.590835929477904,7.338841969976439,5.5892687903540175,1537.9289554555626
Haryana,Bhiwani,2017,47,520.1570690069277,6.2560514723395775,4.07318591932397,4.250973085601023,57.7438178453987
Haryana,Bhiwani,2017,48,125.49531080820044,4.840205238770635,3.9519703052769466,4.573823196532733,51.03779623762589
Haryana,Bhiwani,2018,40,0.0005802683577189,0.0005801000671347352,1.0205084788658754,1.0255421111506373,1.7746052334593045
Haryana,Bhiwani,2018,41,0.0069792754192657,0.006955033007528996,0.07796155271583294,1.6980783232457433,0.08108109323904988
Haryana,Bhiwani,2018,42,0.0936060481836522,0.08948053693869222,0.23926528795216767,2.113051076778634,0.27031549128213855
Haryana,Bhiwani,2018,43,0.8126933691467214,0.594813788481878,1.5098237638842111,2.862736195495559,3.5259330911559585
Haryana,Bhiwani,2018,44,7.807018463786402,2.175548956311008,2.888687740192747,3.495318349923722,16.969713190257945
Haryana,Bhiwani,2018,45,139.63134140564907,4.946141866382132,4.626433481799585,4.951318105459743,101.14909705273845
Haryana,Bhiwani,2018,46,569.0348863810607,6.345697563132996,5.4156076590499636,5.5892687903540175,223.8891601002908
Haryana,Bhiwani,2018,47,472.1601374831472,6.159433888241251,5.170881642695371,4.250973085601023,175.06999990439724
Haryana,Bhiwani,2018,48,66.07071943666686,4.205747576707863,4.17056963672941,4.573823196532733,63.75232690750694
Haryana,Faridabad,2017,39,0.2213757541119482,0.1999778907108548,0.064934903785713,0.011735166464381329,0.06708955863266625
Haryana,Faridabad,2017,40,9.548652129027223,2.3559980914782557,1.1527997267204497,0.7541394013540248,2.1670473760265723
Haryana,Faridabad,2017,41,26.28189223759078,3.306223194117771,2.8979401014536466,1.3976610545438304,17.13674700545714
Haryana,Faridabad,2017,42,84.46991437195615,4.44816443532831,3.851617300716843,1.7365185341479603,46.069126638552
Haryana,Faridabad,2017,43,119.90055179226972,4.794968321648956,4.544252684309414,2.591514767262365,93.09008593156491
Haryana,Faridabad,2017,44,148.70533264806306,5.008668913022676,5.2057374437412145,4.457621813968876,181.3152704624514
Haryana,Faridabad,2017,45,86.25464022215733,4.468830742730343,4.699072222986573,4.2449196492616466,108.84521329782461
Haryana,Faridabad,2017,46,20.149185816444493,3.051601409074926,3.6909032332318463,4.3054766437003265,39.0810331336411
Haryana,Faridabad,2017,47,3.914325834300173,1.592154579247145,2.162380202961232,3.0086126532720763,7.691801308079789
Haryana,Faridabad,2017,48,1.4705528537297896,0.9044419530152333,1.6171158080830936,1.414338017802502,4.038537231351199
Haryana,Faridabad,2018,40,9.61411448503811,2.3621846705768625,0.7735838556358821,0.7541394013540248,1.1675204308717908
Haryana,Faridabad,2018,41,51.22335683366658,3.955529843733992,3.164145046164968,1.3976610545438304,22.668499905403433
Haryana,Faridabad,2018,42,152.48737602250597,5.0336183227495574,4.94684168102591,1.7365185341479603,139.7297917222076
Haryana,Faridabad,2018,43,94.98363568390997,4.564177715311664,5.645528323560315,2.591514767262365,282.0230444727288
Haryana,Faridabad,2018,44,60.12804782976083,4.112970808797532,4.365510362844002,4.457621813968876,77.68954991786678
Haryana,Faridabad,2018,45,4.350345361349112,1.6771611123476247,4.219609023759897,4.2449196492616466,67.00689001273504
Haryana,Faridabad,2018,46,1.6427195700559567,0.9718085271006577,1.8231338242257067,4.3054766437003265,5.191230307555853
Haryana,Faridabad,2018,47,2.1659289879655472,1.152446531632273,0.9683803353370735,3.0086126532720763,1.6336753321410895
Haryana,Faridabad,2018,48,1.242781618366528,0.8077168893922249,1.3112008090262532,1.414338017802502,2.7106267921708986
Punjab,Faridkot,2017,39,285.05165685564214,5.656172412886688,5.935473659468921,6.03130345620299,377.21910080941655
Punjab,Faridkot,2017,40,4202.671310784292,8.343713544064958,7.197974120157288,7.918236113214832,1335.719985391522
Punjab,Faridkot,2017,41,11988.752513677477,9.391807606747436,9.552441106861044,9.54497316590083,14078.021152284611
Punjab,Faridkot,2017,42,29479.698889690884,10.291491053270933,10.404889126277487,10.36170318920284,33019.67390556399
Punjab,Faridkot,2017,43,48245.08012829173,10.784069862602495,11.402947133625014,11.106787823431093,89584.35470274636
Punjab,Faridkot,2017,44,133510.5136546221,11.801942997707501,11.94055571897594,11.755019821073008,153360.89266676255
Punjab,Faridkot,2017,45,124934.48535927889,11.73555276592438,12.26141732851923,11.959800480341249,211379.96980434097
Punjab,Faridkot,2017,46,84774.287994745,11.347759364154038,10.345417130254685,10.66014225724588,31113.12360395894
Punjab,Faridkot,2017,47,24917.419083915454,10.123362531238747,8.382163279055646,8.242549698789084,4367.448885867522
Punjab,Faridkot,2017,48,1057.8229726532925,6.964913166994501,6.387052156510291,5.4385824259510365,593.1026741383986
Punjab,Faridkot,2018,40,141.7940801942084,4.9614035938235626,8.067908469750686,7.918236113214832,3189.421981878021
Punjab,Faridkot,2018,41,626.3697281504451,6.44153604491201,8.150236581398556,9.54497316590083,3463.1985334741125
Punjab,Faridkot,2018,42,9414.384275351427,9.150100255484189,8.925854146141447,10.36170318920284,7523.007190844672
Punjab,Faridkot,2018,43,58938.96149417102,10.984274602985925,10.586129610697112,11.106787823431093,39580.99454742892
Punjab,Faridkot,2018,44,157689.12275205526,11.96838713783839,11.969702402743637,11.755019821073008,157896.6634920221
Punjab,Faridkot,2018,45,177828.05804248125,12.088578019768615,12.113044760008037,11.959800480341249,182232.61830877746
Punjab,Faridkot,2018,46,72054.5721291071,11.185192935413129,11.602505423714103,10.66014225724588,109370.47818762812
Punjab,Faridkot,2018,47,14778.300816653937,9.600982887338162,9.572528841672462,8.242549698789084,14363.696474478284
Punjab,Faridkot,2018,48,498.9267343319316,6.21446155634929,6.306557734687019,5.4385824259510365,547.154803221855
Haryana,Fatehabad,2017,39,16.671876237951274,2.8719744628085078,3.34772244209169,0.6982079748449107,27.437890886945
Haryana,Fatehabad,2017,40,584.3580099921813,6.372223642939309,4.9752633480620885,4.798606914355618,143.7869494905388
Haryana,Fatehabad,2017,41,2441.3430073784634,7.800713106468777,7.657010198778092,7.355595746837709,2114.4232692828887
Haryana,Fatehabad,2017,42,11990.40263429521,9.391945224857169,9.127659360094562,8.924118305427603,9205.447751302418
Haryana,Fatehabad,2017,43,46719.30184270749,10.751934078155628,10.690403274569714,10.573585096049765,43931.22017286376
Haryana,Fatehabad,2017,44,121882.19175906478,11.71081842047471,12.150594615596246,11.667230189367881,189205.56156908275
Haryana,Fatehabad,2017,45,119523.84718803808,11.691279554999767,12.595308908832079,12.009183809834846,295169.6400190323
Haryana,Fatehabad,2017,46,74005.53041306928,11.211908617117869,11.603611595358723,11.210214939314245,109491.52875453854
Haryana,Fatehabad,2017,47,34871.8290969827,10.459463269070982,8.870092403920154,9.538866078475046,7114.938483402492
Haryana,Fatehabad,2017,48,6555.206568758,8.788167447719692,6.777057646651991,6.52025896721076,876.4830567898297
Haryana,Fatehabad,2018,40,496.0339199006773,6.208658273064889,7.082081111065033,4.798606914355618,1189.4433872830425
Haryana,Fatehabad,2018,41,1996.786217390543,7.599794955180741,8.029256830341307,7.355595746837709,3068.4596961143
Haryana,Fatehabad,2018,42,9881.120579959104,9.198482401310518,9.042439943549736,8.924118305427603,8453.380120869562
Haryana,Fatehabad,2018,43,32003.170613605773,10.373621504964609,10.684458476092344,10.573585096049765,43670.826737393814
Haryana,Fatehabad,2018,44,80590.30358353839,11.297146026687653,11.831789421375113,11.667230189367881,137555.41754803434
Haryana,Fatehabad,2018,45,131836.02437041604,11.789321774882646,12.274798023954236,12.009183809834846,214227.40200932662
Haryana,Fatehabad,2018,46,102956.52978466406,11.542071849991753,11.772278673708396,11.210214939314245,129608.15148382077
Haryana,Fatehabad,2018,47,40890.40304286635,10.618675125385977,10.13199097525153,9.538866078475046,25133.35653023993
Haryana,Fatehabad,2018,48,6913.667959314602,8.841400225493286,7.896618115428404,6.52025896721076,2687.1758380061096
Punjab,Fatehgarh Sahib,2017,39,79.22903584116463,4.384885492258039,5.456803395350505,3.9795558700881135,233.34711071239354
Punjab,Fatehgarh Sahib,2017,40,1220.3637272249905,7.107723322644586,6.288349973157597,5.287043919035175,537.2644451623204
Punjab,Fatehgarh Sahib,2017,41,4822.268399103456,8.481207068345055,8.863971728455544,7.84916848381611,7071.517152812341
Punjab,Fatehgarh Sahib,2017,42,15312.43553945679,9.63648586187509,10.170950645288897,9.448306483430065,26131.908085223582
Punjab,Fatehgarh Sahib,2017,43,24943.036120102704,10.124390039344245,10.88727650601208,10.51901050534046,53490.41785076914
Punjab,Fatehgarh Sahib,2017,44,63997.48244934632,11.066614650331717,10.995432842000016,11.149161447193732,59600.31055562465
Punjab,Fatehgarh Sahib,2017,45,48577.54005816659,10.790937149781952,10.602646103899538,11.057437031199925,40240.17901409886
Punjab,Fatehgarh Sahib,2017,46,27555.28652478627,10.223985974568242,9.037640395415023,9.235569376237553,8412.900137052606
Punjab,Fatehgarh Sahib,2017,47,7314.621592215217,8.897767284856386,7.0021000582946575,6.036393787107415,1097.9385718930607
Punjab,Fatehgarh Sahib,2017,48,289.98818700182034,5.673282671852051,4.982959566089026,2.512182004921528,144.90556043670068
Punjab,Fatehgarh Sahib,2018,40,164.92008886008853,5.1115062800409135,5.449196451906179,5.287043919035175,231.57120865175864
Punjab,Fatehgarh Sahib,2018,41,350.3961174529412,5.861914126895548,7.130948272242957,7.84916848381611,1249.0618039611045
Punjab,Fatehgarh Sahib,2018,42,2640.1490042200267,7.878969330326971,7.875819164415409,9.448306483430065,2631.842037690518
Punjab,Fatehgarh Sahib,2018,43,10582.321130583226,9.267034562636304,9.559531453739906,10.51901050534046,14178.2010313204
Punjab,Fatehgarh Sahib,2018,44,22762.808305539456,10.032927198739547,10.648879517763758,11.149161447193732,42144.344972236395
Punjab,Fatehgarh Sahib,2018,45,25466.561687922585,10.145160830682652,10.378634894305405,11.057437031199925,32164.022851963797
Punjab,Fatehgarh Sahib,2018,46,11795.37718374353,9.375547744987161,9.588698617555735,9.235569376237553,14597.858468574723
Punjab,Fatehgarh Sahib,2018,47,2960.571257214944,7.993475236617811,7.285333120562967,6.036393787107415,1457.7469905467158
Punjab,Fatehgarh Sahib,2018,48,127.02588870477597,4.852232498974792,4.777496063300086,2.512182004921528,117.80649335438913
Punjab,Fazilka,2017,39,34.308106679154456,3.5641125885410525,4.776312018896222,4.792589459832664,117.66590443897445
Punjab,Fazilka,2017,40,601.1433963361643,6.400495616837691,5.724792026533767,5.870312582237516,305.36954188163634
Punjab,Fazilka,2017,41,2330.388675055445,7.754219366901422,8.005105035955792,8.061121767003094,2995.214794890142
Punjab,Fazilka,2017,42,7859.218106135322,8.969569633910437,9.189513057970595,9.366404345716518,9792.880765713207
Punjab,Fazilka,2017,43,20633.79769709308,9.934734138266226,10.550036985841645,10.504552668332982,38177.850362602294
Punjab,Fazilka,2017,44,95835.5454948978,11.47039936819734,10.905436402361394,11.566523187885227,54470.69033837785
Punjab,Fazilka,2017,45,167322.4018129261,12.027683756528793,12.401152348215966,12.33113095246271,243080.57077993438
Punjab,Fazilka,2017,46,206259.5876440822,12.236895636911294,10.900166093659143,11.553239133425311,54184.362894526654
Punjab,Fazilka,2017,47,110186.97197568064,11.60994302251783,9.110651627534091,9.34551927289143,9050.190975462092
Punjab,Fazilka,2017,48,7453.387666582907,8.9165580865461,7.1838347961972735,6.538786600569656,1316.9526597859026
Punjab,Fazilka,2018,40,889.6617173810035,6.791964689140282,5.736080510344765,5.870312582237516,308.8475834696439
Punjab,Fazilka,2018,41,1396.2474565266737,7.242259477805817,8.433692989938711,8.061121767003094,4598.454506669373
Punjab,Fazilka,2018,42,10771.552601389192,9.284756752410464,8.826350871352963,9.366404345716518,6810.385786725808
Punjab,Fazilka,2018,43,52164.45979975301,10.862175865197605,10.181715288978953,10.504552668332982,26414.739085676418
Punjab,Fazilka,2018,44,138870.89441243364,11.841307164225164,11.816005005078985,11.566523187885227,135401.21592290077
Punjab,Fazilka,2018,45,203136.90642577625,12.2216403693745,12.33494776605386,12.33113095246271,227508.61177790436
Punjab,Fazilka,2018,46,133677.68600199226,11.803194333792423,12.149173628337884,11.553239133425311,188936.89238884376
Punjab,Fazilka,2018,47,50309.22306024747,10.825963577191446,9.982948008398388,9.34551927289143,21653.054882729
Punjab,Fazilka,2018,48,3620.639128634738,8.19468200030315,7.983753655064436,6.538786600569656,2931.919596095224
Punjab,Firozpur,2017,39,291.9472589182424,5.679992589122453,5.822318235115241,5.624219237670386,336.7541402577348
Punjab,Firozpur,2017,40,4797.522227997093,8.476063280327269,7.042287391978655,7.865789710860652,1143.0013957253664
Punjab,Firozpur,2017,41,15358.561340845075,9.639493447755129,9.656326003855968,9.694342094976854,15619.290229517277
Punjab,Firozpur,2017,42,40325.86917991126,10.604773254799774,10.778028826948834,10.603934108243484,47954.502416942
Punjab,Firozpur,2017,43,67676.24334778318,11.122505262773625,11.641186261849525,11.349261722644744,113683.94508280118
Punjab,Firozpur,2017,44,180714.4448302652,12.104678945148393,12.254277035441186,11.965280989369615,209876.0234275036
Punjab,Firozpur,2017,45,152195.23801504602,11.932926006726095,12.433806948862046,12.155581914085447,251149.32641581225
Punjab,Firozpur,2017,46,89144.63761825596,11.39802668904025,10.283568530411634,10.854897396051562,29247.060138563902
Punjab,Firozpur,2017,47,21804.274945362915,9.989907189477945,8.063667211373485,8.381953857718003,3175.919232485984
Punjab,Firozpur,2017,48,833.2866938399891,6.7265771008895445,6.144175402098077,5.391613515993919,464.9952318995467
Punjab,Firozpur,2018,40,99.8636300781282,4.613769407257386,8.420092130901597,7.865789710860652,4536.3214634530505
Punjab,Firozpur,2018,41,602.8259765535439,6.403286038131932,7.900117489762813,9.694342094976854,2696.5992499466593
Punjab,Firozpur,2018,42,13513.968021182403,9.511553092535525,8.97024547819535,10.603934108243484,7864.532185163215
Punjab,Firozpur,2018,43,100771.2037451603,11.520617840095166,10.922405508153084,11.349261722644744,55402.91334034963
Punjab,Firozpur,2018,44,245221.41910473933,12.409920910776211,12.308098075198489,11.965280989369615,221481.3264960749
Punjab,Firozpur,2018,45,184199.8735463237,12.123782145171706,12.437741813500692,12.155581914085447,252139.51580721643
Punjab,Firozpur,2018,46,35544.658748261485,10.478573310988631,11.550512001539234,10.854897396051562,103829.18442734308
Punjab,Firozpur,2018,47,2882.177557948665,7.966648283653379,8.56154473103942,8.381953857718003,5225.7488608439835
Punjab,Firozpur,2018,48,35.11069317479885,3.5865890313055884,4.42983800981989,5.391613515993919,82.91782194608172
Punjab,Gurdaspur,2017,39,36.70481878203163,3.629787905437826,6.662627710470545,5.299245835910068,781.6046961573969
Punjab,Gurdaspur,2017,40,613.2817161116097,6.4204536439496405,6.481668191946154,6.647541354972274,652.0594666308831
Punjab,Gurdaspur,2017,41,2747.0705637897618,7.918654331247553,8.33300962539598,8.088382765146376,4157.915513489254
Punjab,Gurdaspur,2017,42,15992.340011148515,9.67992766526291,9.12421240897701,9.056351121541397,9173.768206225672
Punjab,Gurdaspur,2017,43,23241.197131412457,10.053724747435709,9.931434435245635,9.632756652172834,20565.82120559739
Punjab,Gurdaspur,2017,44,20884.46700658282,9.946808837542315,9.525164290800696,9.753574323898263,13699.18055327712
Punjab,Gurdaspur,2017,45,9774.67636497251,9.18765257580739,9.296440218995627,9.345886303038178,10898.151476513352
Punjab,Gurdaspur,2017,46,4493.534311966229,8.410617340196401,7.513687443408393,7.806584412516966,1831.9600329131358
Punjab,Gurdaspur,2017,47,1352.1796866524703,7.210212425452226,6.244365941309674,5.526531628943256,514.1025161347584
Punjab,Gurdaspur,2017,48,91.26255636659964,4.524638386033252,4.329439036774759,3.2013850186874264,74.90169656408501
Punjab,Gurdaspur,2018,40,797.7674228797579,6.6830698181358645,6.3765039263828225,6.647541354972274,586.8688779707674
Punjab,Gurdaspur,2018,41,793.0445610490056,6.677139581900309,7.84667486121972,8.088382765146376,2556.217062531906
Punjab,Gurdaspur,2018,42,4415.151108419301,8.393023805763548,8.092129880545379,9.056351121541397,3267.641978528118
Punjab,Gurdaspur,2018,43,18543.93702705246,9.827952094234586,9.506877143442264,9.632756652172834,13450.920237706927
Punjab,Gurdaspur,2018,44,20689.542113428437,9.937431972108676,10.073524752504964,9.753574323898263,23705.978908880814
Punjab,Gurdaspur,2018,45,8446.792600554993,9.041660455520985,9.268340163982383,9.345886303038178,10596.147752961624
Punjab,Gurdaspur,2018,46,1737.6887213047044,7.460886499657413,7.738723275751712,7.806584412516966,2294.5397401833125
Punjab,Gurdaspur,2018,47,416.9673986396882,6.035403435798134,5.237485654951581,5.526531628943256,187.1963165480636
Punjab,Gurdaspur,2018,48,28.74116129230285,3.3925319884304717,3.1076780269524447,3.2013850186874264,21.3690437353852
Haryana,Gurgaon,2017,39,0.0005075670374854,0.0005074382689072437,-0.4745239626883462,0.0,-0.37781883257020066
Haryana,Gurgaon,2017,40,0.0065500858761,0.006528727279968566,0.11235334632999645,0.03230321029701824,0.11890815289282768
Haryana,Gurgaon,2017,41,0.0045328890826168,0.004522646481618183,0.20907107120175428,0.0528163179987449,0.23253259299008136
Haryana,Gurgaon,2017,42,0.0047736164376895,0.004762258860877489,0.26900862104306295,0.4916124315706495,0.3086664230674235
Haryana,Gurgaon,2017,43,22.465103123771133,3.1555143440277376,-0.07942569972133445,0.5179712400643937,-0.0763533553777567
Haryana,Gurgaon,2017,44,7.8620198872589375,2.1817747168798283,2.259589482867896,1.129198065713305,8.579155951864228
Haryana,Gurgaon,2017,45,0.0243368692905778,0.02404544643384171,2.3491128369802503,1.0154024407510023,9.476271440183744
Haryana,Gurgaon,2017,46,0.1616109985932032,0.14980783352945304,1.001335807299649,1.1221094187257037,1.721915355473659
Haryana,Gurgaon,2017,47,0.6917021540477621,0.5257352138019351,1.5725259482135348,0.7818594265646288,3.818804885316248
Haryana,Gurgaon,2017,48,0.5457260379747596,0.4354937274601183,1.4918489829344115,0.37672289955155813,3.4453072222067265
Haryana,Gurgaon,2018,40,1.4515459996297535e-25,1.4515459996297535e-25,-0.15012558237147683,0.03230321029701824,-0.1394001065369713
Haryana,Gurgaon,2018,41,13.617850602465742,2.6822434258982812,-0.025602703413805817,0.0528163179987449,-0.025277733479400065
Haryana,Gurgaon,2018,42,340.8525624807254,5.834379540253093,2.7512307526653217,0.4916124315706495,14.661895947289095
Haryana,Gurgaon,2018,43,1.1847364187922067e-10,1.1847364187220266e-10,5.475002737236856,0.5179712400643937,237.65112017440742
Haryana,Gurgaon,2018,44,0.0,0.0,0.8251569297237163,1.129198065713305,1.2822388883466984
Haryana,Gurgaon,2018,45,0.0,0.0,1.0017080665645837,1.0154024407510023,1.7229288023038847
Haryana,Gurgaon,2018,46,0.0,0.0,0.5950830826365148,1.1221094187257037,0.8131815826087465
Haryana,Gurgaon,2018,47,0.0,0.0,0.09613221245956274,0.7818594265646288,0.10090460767834777
Haryana,Gurgaon,2018,48,0.0,0.0,0.4684732237200171,0.37672289955155813,0.5975532239162278
Haryana,Hisar,2017,39,16.70825653198814,2.874031001549926,3.2948169786503207,3.894212723739301,25.97247707896704
Haryana,Hisar,2017,40,318.3421506985967,5.766263100712565,4.219027229135554,4.527782639655253,66.96733547713112
Haryana,Hisar,2017,41,511.45010570467866,6.239203351550707,6.248118264390009,6.041868583356232,516.0389780380333
Haryana,Hisar,2017,42,1626.8292976441323,7.395002687037972,6.739714703977688,6.929486351337401,844.319535144912
Haryana,Hisar,2017,43,3795.928827854021,8.241947815745887,8.328950639261947,8.071028791583057,4141.068746613685
Haryana,Hisar,2017,44,6566.912359022429,8.789951307410842,8.504572473962906,8.680479910504664,4936.292949061944
Haryana,Hisar,2017,45,4961.269132127451,8.509618401420033,8.916503202156502,8.466941687407603,7452.9785482932075
Haryana,Hisar,2017,46,1645.6678454920896,7.406509037399487,7.5613915822063555,7.692038370056073,1921.5189959829027
Haryana,Hisar,2017,47,521.6873738873265,6.25898352986433,5.930629518507626,6.234719102449661,375.39138460236563
Haryana,Hisar,2017,48,112.69164169931564,4.73348988617499,3.349474593981298,4.43685962241536,27.487762069383447
Haryana,Hisar,2018,40,110.156557050908,4.710939631480887,5.609232439077537,4.527782639655253,271.93466360231855
Haryana,Hisar,2018,41,327.92372544256267,5.79582588632629,6.62940730184619,6.041868583356232,756.0333453798174
Haryana,Hisar,2018,42,1216.130595101518,7.104251396270191,6.96369399117205,6.929486351337401,1056.5328678768535
Haryana,Hisar,2018,43,2575.142873470611,7.85404854899002,8.25975004634668,8.071028791583057,3864.127876897146
Haryana,Hisar,2018,44,3600.176621232634,8.189015910275183,8.448489157077642,8.680479910504664,4667.014768040501
Haryana,Hisar,2018,45,4211.570914277961,8.345828408768885,8.335553187536918,8.466941687407603,4168.507438435823
Haryana,Hisar,2018,46,4405.614649907101,8.390862020562096,7.502735158987371,7.692038370056073,1811.9944671540015
Haryana,Hisar,2018,47,3477.869461568603,8.154462652622342,6.531799449104797,6.234719102449661,685.6326610213606
Haryana,Hisar,2018,48,353.0945620494122,5.869564001895763,5.690900508392268,4.43685962241536,295.160195337451
Punjab,Hoshiarpur,2017,39,19.080052552493036,2.9997269119761314,4.182324226837936,2.8275469258616277,64.51795497536092
Punjab,Hoshiarpur,2017,40,670.2106338325376,6.509082998043793,5.342049740224456,5.4921732224597895,207.9405455044179
Punjab,Hoshiarpur,2017,41,5352.805797264422,8.585562950965286,8.221405336810086,7.322183633518681,3718.7261791777278
Punjab,Hoshiarpur,2017,42,18303.95591452952,9.814927117167363,9.546031835155308,8.743888406504386,13988.073437950576
Punjab,Hoshiarpur,2017,43,20503.13933658945,9.928382063601653,10.224541736086756,9.598741385981803,27570.60550488544
Punjab,Hoshiarpur,2017,44,22145.02714180924,10.005413397842476,9.884480727141433,9.750890879249521,19622.453306584935
Punjab,Hoshiarpur,2017,45,6978.4562898666845,8.850726297287839,9.412211812634725,9.369965658286688,12235.906811305342
Punjab,Hoshiarpur,2017,46,3017.408145382813,8.012484867222796,7.299673390046554,7.8104050169427435,1478.8165258403178
Punjab,Hoshiarpur,2017,47,986.5047294244132,6.8951812860543535,5.944875563110995,5.321441918865357,380.791849351628
Punjab,Hoshiarpur,2017,48,62.11256078585809,4.144919811319577,3.4362236345461357,2.868222656921387,30.06940691481713
Punjab,Hoshiarpur,2018,40,81.2455561827002,4.409709360012049,5.63806465135263,5.4921732224597895,279.91851676367935
Punjab,Hoshiarpur,2018,41,96.20711580050056,4.576843916610911,6.635275520806184,7.322183633518681,760.4888429423759
Punjab,Hoshiarpur,2018,42,1269.5296636167852,7.147189150474109,7.141770390843688,8.743888406504386,1262.6635883726829
Punjab,Hoshiarpur,2018,43,7122.146398751896,8.871104816729646,8.814404084160847,9.598741385981803,6729.495760302559
Punjab,Hoshiarpur,2018,44,9101.671133581836,9.116323180595938,9.67023068450928,9.750890879249521,15838.002414605988
Punjab,Hoshiarpur,2018,45,3992.0578046477576,8.292312583454246,9.14791685980683,9.369965658286688,9393.849192287682
Punjab,Hoshiarpur,2018,46,1613.099380499588,7.386532420973689,7.582446208597245,7.8104050169427435,1962.4260453389973
Punjab,Hoshiarpur,2018,47,735.6736590250476,6.602144997687846,5.510069453366997,5.321441918865357,246.16829314166958
Punjab,Hoshiarpur,2018,48,83.65586364615368,4.438594375479059,3.5698045537145977,2.868222656921387,34.50965224373627
Punjab,Jalandhar,2017,39,133.47828500474867,4.901402736228655,4.857782131328833,3.807153687132225,127.73836046847975
Punjab,Jalandhar,2017,40,2093.677839540698,7.647155044655954,6.291076871774307,6.859211442173719,538.7342408143426
Punjab,Jalandhar,2017,41,7285.790037705253,8.893818403985685,8.796712959847747,8.785706818342186,6611.472780897907
Punjab,Jalandhar,2017,42,20086.755660297957,9.907865737297593,10.343992615802433,9.96494636210717,31068.832639265365
Punjab,Jalandhar,2017,43,28870.032834464844,10.27059404737088,10.831243815419025,10.898048892852458,50575.57560689184
Punjab,Jalandhar,2017,44,61184.99497330272,11.021673602006969,11.394794930911774,11.57940477772258,88857.00550831157
Punjab,Jalandhar,2017,45,45405.41761933994,10.723408731293627,11.62111293634407,11.686738153795527,111424.66170259361
Punjab,Jalandhar,2017,46,27389.384910608485,10.217947315119627,9.544514715377055,10.142809762761305,13966.866428812526
Punjab,Jalandhar,2017,47,7578.172695160488,8.933159329561205,7.354563193681555,7.240444602883528,1562.3139808080512
Punjab,Jalandhar,2017,48,320.6204744028706,5.773372199466364,5.193029631231678,3.73783572101566,179.0131009382037
Punjab,Jalandhar,2018,40,24.746291765186637,3.2482906076204707,7.10415525817381,6.859211442173719,1216.0135881075628
Punjab,Jalandhar,2018,41,108.89259013573856,4.6995034354398495,6.00822775428827,8.785706818342186,405.7617992520623
Punjab,Jalandhar,2018,42,1784.2878789358126,7.487334957924789,7.367471501290723,9.96494636210717,1582.624523912521
Punjab,Jalandhar,2018,43,13372.01245554344,9.500993959267221,9.158566307369679,10.898048892852458,9494.43378065903
Punjab,Jalandhar,2018,44,45993.30297742542,10.736272819484558,10.825910962953428,11.57940477772258,50306.57609583123
Punjab,Jalandhar,2018,45,54345.63179890811,10.903137918207792,10.898695694214842,11.686738153795527,54104.747314734
Punjab,Jalandhar,2018,46,17236.726298377696,9.754855650275147,10.337230309257924,10.142809762761305,30859.437701000254
Punjab,Jalandhar,2018,47,2633.0061075740678,7.8762612010454385,7.579002536313845,7.240444602883528,1955.6762781496395
Punjab,Jalandhar,2018,48,80.43707696227868,4.399830660241072,4.748597535513219,3.73783572101566,114.42229529153487
Haryana,Jhajjar,2017,39,0.1010985223111333,0.09630833812500421,0.20375401800265053,0.00013098755004487935,0.22599654328393456
Haryana,Jhajjar,2017,40,2.20117290181183,1.163517274465501,0.8071372499695073,0.5869684054394337,1.241481990418161
Haryana,Jhajjar,2017,41,3.258096548902634,1.4488222409212739,1.9667646941529267,0.6167755833300231,6.147514644803624
Haryana,Jhajjar,2017,42,6.69780440275318,2.040935145699199,2.5517269239106404,1.0501999410526828,11.829239784505512
Haryana,Jhajjar,2017,43,13.167138202476414,2.65092507158902,2.915049653768753,0.8259209377016141,17.44972847855486
Haryana,Jhajjar,2017,44,26.83435089807829,3.3262709017328222,2.6588945702144082,0.9660784835656419,13.280494286520806
Haryana,Jhajjar,2017,45,3059.362421843418,8.02628862644406,3.092852174909694,1.600187145379595,21.039849921885533
Haryana,Jhajjar,2017,46,33.35948345899642,3.536878063795733,6.728672693110281,3.047131914254833,835.0368517135904
Haryana,Jhajjar,2017,47,43.05023536868536,3.7853306955843804,2.738868909638727,3.36935160957202,14.469477819794681
Haryana,Jhajjar,2017,48,24.283544219774363,3.23015375801878,2.8029225386467784,4.029804173119279,15.492777184056433
Haryana,Jhajjar,2018,40,1.6041270603976165e-07,1.604126931736449e-07,0.7142330656524218,0.5869684054394337,1.0426195263087492
Haryana,Jhajjar,2018,41,1.9383234549251047,1.07783916526743,0.18625579442573498,0.6167755833300231,0.20473038428457424
Haryana,Jhajjar,2018,42,48.51594853267254,3.902294810261005,1.6260720728822557,1.0501999410526828,4.083866391973512
Haryana,Jhajjar,2018,43,0.0034109281395135,0.003405124118448225,4.63434326511759,0.8259209377016141,101.9602781807637
Haryana,Jhajjar,2018,44,0.045802702970799,0.044784727364842083,1.5358527757554468,0.9660784835656419,3.6452852279663075
Haryana,Jhajjar,2018,45,0.5164430217140933,0.41636747521123063,2.6049072545911076,1.600187145379595,12.529970401918174
Haryana,Jhajjar,2018,46,2.1073687077069763,1.1337762933756461,2.3978726516392923,3.047131914254833,9.999751170064561
Haryana,Jhajjar,2018,47,4.175391517029306,1.6439149917543026,2.388583305261539,3.36935160957202,9.89804380024671
Haryana,Jhajjar,2018,48,3.028646464242168,1.3934304545910108,2.5527054714890873,4.029804173119279,11.841799950387655
Haryana,Jind,2017,39,4.408203320631221,1.6879169343045068,3.1816674364309945,1.9902419757547418,23.08688343269892
Haryana,Jind,2017,40,189.87267136155003,5.251606563655865,4.24858139391262,4.114296469349239,69.00603089021072
Haryana,Jind,2017,41,1156.6667168906858,7.054161807459798,7.084574259820777,6.661632805386762,1192.415042582922
Haryana,Jind,2017,42,5860.33122061697,8.676132027525439,8.745435691769702,8.08063605330415,6280.949817518349
Haryana,Jind,2017,43,16077.161357489098,9.685217192755514,9.951341885683641,9.3692618370453,20979.356741358708
Haryana,Jind,2017,44,27180.110463493347,10.210277542775387,10.328299697193422,10.069293221788964,30585.06209837087
Haryana,Jind,2017,45,14785.537369756874,9.601472408602657,9.749711982970307,10.003494552481202,17148.288810698676
Haryana,Jind,2017,46,3638.297023278668,8.199545816506767,8.407514319281372,8.612550627542635,4479.6092939772725
Haryana,Jind,2017,47,848.3158087203465,6.744431094436285,6.274462333192739,7.0724149849364935,529.840889488825
Haryana,Jind,2017,48,158.3256148002539,5.070949999973731,3.9017951149929835,5.566229293693086,48.49121182842092
Haryana,Jind,2018,40,225.70544115869097,5.423651558807677,5.6743880129915825,4.114296469349239,290.31000604317813
Haryana,Jind,2018,41,696.1840205833673,6.5470493939675025,6.953044995564783,6.661632805386762,1045.3309554294212
Haryana,Jind,2018,42,3432.41055233478,8.141309376267994,8.312804850735082,8.08063605330415,4074.728777279864
Haryana,Jind,2018,43,10274.98489680293,9.23756488847421,9.397678666357342,9.3692618370453,12059.352109818641
Haryana,Jind,2018,44,21631.23093986827,9.981939654630207,9.99876093590193,10.069293221788964,21998.190493246053
Haryana,Jind,2018,45,31104.551655899795,10.345141592072347,9.726906716778707,10.003494552481202,16761.62050920999
Haryana,Jind,2018,46,20477.079472411875,9.927110298995084,9.127980013098936,8.612550627542635,9208.400299779962
Haryana,Jind,2018,47,5851.36483856895,8.67460110444976,7.494077751051242,7.0724149849364935,1796.3663814337995
Haryana,Jind,2018,48,744.776337369113,6.614425739390903,5.467898982773048,5.566229293693086,235.961808545705
Haryana,Kaithal,2017,39,95.4329336612107,4.568847778762121,6.391001231161696,6.762368116870245,595.4534686255408
Haryana,Kaithal,2017,40,7607.847154446362,8.937066948505501,7.296871466836426,6.918514345836295,1474.675997000627
Haryana,Kaithal,2017,41,31232.845696760975,10.34925758380254,10.220434115471653,9.033312055125345,27457.584093175625
Haryana,Kaithal,2017,42,66963.29033890503,11.111914776272425,11.19867531509043,10.084769810562886,73032.6311766535
Haryana,Kaithal,2017,43,66206.94733842807,11.10055578514905,11.164547227479272,10.80122643542325,70582.18536492337
Haryana,Kaithal,2017,44,55341.49265021568,10.921296294795196,11.045915144086994,10.9089177246443,62686.36204895495
Haryana,Kaithal,2017,45,11934.6615105361,9.387285963339693,10.387326677218324,10.552546913976744,32444.812762720197
Haryana,Kaithal,2017,46,1808.1758231712624,7.500626674244038,8.03222236378879,8.85962826505644,3077.575791871395
Haryana,Kaithal,2017,47,190.5662581131128,5.2552337441468415,5.536180734293703,6.49589111821417,252.70717161392605
Haryana,Kaithal,2017,48,14.473656407466397,2.7391389913742374,1.8941610647036136,3.3458419512646516,5.646969687383908
Haryana,Kaithal,2018,40,5532.276369789693,8.618535391007214,7.681882258336318,6.918514345836295,2167.697982376825
Haryana,Kaithal,2018,41,13814.281258242318,9.533530596053087,9.960718761893817,9.033312055125345,21177.01219648609
Haryana,Kaithal,2018,42,36799.82669203257,10.513275588362108,10.719656592898401,10.084769810562886,45235.36568510343
Haryana,Kaithal,2018,43,39101.27899940177,10.573936030704582,11.110483259438483,10.80122643542325,66867.49841024962
Haryana,Kaithal,2018,44,38166.39029880933,10.549736772922717,11.035448454127692,10.9089177246443,62033.654667669645
Haryana,Kaithal,2018,45,26243.140083682392,10.175198008191812,9.679198135367752,10.552546913976744,15980.676646390852
Haryana,Kaithal,2018,46,9338.717712221747,9.142031307235285,8.860744903927982,8.85962826505644,7048.7321623456155
Haryana,Kaithal,2018,47,1751.3318229569886,7.468702650228001,6.852837736755168,6.49589111821417,945.5631962287903
Haryana,Kaithal,2018,48,150.9835744630508,5.023772452263991,4.186506806452098,3.3458419512646516,64.79256292267169
Punjab,Kapurthala,2017,39,29.46134369096961,3.4164584597891814,6.214106306155575,5.155047740396956,498.7491668050335
Punjab,Kapurthala,2017,40,706.2094283819944,6.561326843222678,5.6978132229993,7.053738203659913,297.2145586787743
Punjab,Kapurthala,2017,41,4662.625294270057,8.447548384809343,8.409768732539092,8.792938400479994,4489.72183361101
Punjab,Kapurthala,2017,42,21896.37511739028,9.994122050967677,10.093223942244078,9.865465717546666,24177.617380591422
Punjab,Kapurthala,2017,43,34930.6847051351,10.461149567532026,10.797335745128088,10.645484741629707,48889.37105477139
Punjab,Kapurthala,2017,44,52874.94661011727,10.875703818980142,11.162905940794058,11.079602717756213,70466.4331398615
Punjab,Kapurthala,2017,45,26208.72889894388,10.173885952843275,11.073570078606574,10.884970642858622,64444.17095784079
Punjab,Kapurthala,2017,46,11400.576000422114,9.3415068704786,9.038759110250236,9.183910169367142,8422.318159016135
Punjab,Kapurthala,2017,47,2590.4113675006,7.8599579358103115,6.704523260101461,6.3152633545449985,815.088871431271
Punjab,Kapurthala,2017,48,93.14322602377476,4.54481730374972,4.678003908291657,3.031270737177279,106.55516817892628
Punjab,Kapurthala,2018,40,375.304111932095,5.930397624810737,6.805650434248275,7.053738203659913,901.934878738928
Punjab,Kapurthala,2018,41,820.3587936756306,6.710960034298229,7.312686705270207,8.792938400479994,1498.1996908440767
Punjab,Kapurthala,2018,42,5657.930841259775,8.640990256049959,8.515817057841089,9.865465717546666,4992.124064312341
Punjab,Kapurthala,2018,43,19968.63355317633,9.901968076375518,10.179190511988121,10.645484741629707,26348.1293581744
Punjab,Kapurthala,2018,44,36540.33868402819,10.506199465386478,10.778035685190838,11.079602717756213,47954.83130851083
Punjab,Kapurthala,2018,45,27760.605656944816,10.231409253616075,10.385751324436926,10.884970642858622,32393.739401183364
Punjab,Kapurthala,2018,46,5566.687823902518,8.624735134333031,9.132701851983581,9.183910169367142,9251.988431301033
Punjab,Kapurthala,2018,47,487.0248018420276,6.1903662280084575,6.238733428996873,6.3152633545449985,511.20935041489474
Punjab,Kapurthala,2018,48,14.042778191590012,2.7108980216485272,2.854021369042734,3.031270737177279,16.357442362736805
Haryana,Karnal,2017,39,227.58322738464156,5.43190037764811,7.555230029485153,7.35361754517732,1909.7097129529666
Haryana,Karnal,2017,40,13038.401770798282,9.475730957955761,7.846439912458883,8.538979295368996,2555.6163181267134
Haryana,Karnal,2017,41,33949.500320483545,10.432658869858624,10.104349187823926,9.762022722961579,24448.112308031054
Haryana,Karnal,2017,42,49648.88157441009,10.812751284262218,10.637957745663382,9.891763989397344,41686.54764906494
Haryana,Karnal,2017,43,24119.90957616043,10.090834360584513,10.532247567478978,9.993102646261665,37504.67626157375
Haryana,Karnal,2017,44,7755.0024359240015,8.956222330432118,9.607228179950157,9.560562465808893,14870.89069936455
Haryana,Karnal,2017,45,3159.3320311881657,8.058432374221972,8.699198809764756,8.851734632633507,5997.104668747152
Haryana,Karnal,2017,46,1481.3577388573722,7.301389165968828,7.341852333242312,7.698933210701986,1542.5686707622474
Haryana,Karnal,2017,47,768.8710422182584,6.6462230231831585,6.300186073097017,6.685528881412604,543.67324973579
Haryana,Karnal,2017,48,305.29545935059684,5.72455018953883,4.416873741013245,5.607853413783642,81.83691049722145
Haryana,Karnal,2018,40,2466.864528201208,7.811108492190172,8.344131440580579,8.538979295368996,4204.428377488342
Haryana,Karnal,2018,41,6058.071473961897,8.709311845205153,9.295138078643115,9.762022722961579,10883.968487692688
Haryana,Karnal,2018,42,16602.397623748333,9.71736262953075,10.131452625263798,9.891763989397344,25119.829091285235
Haryana,Karnal,2018,43,11032.82757368223,9.308721066891556,10.228099891320142,9.993102646261665,27668.884299220732
Haryana,Karnal,2018,44,4240.874018955467,8.352760436181843,9.441548798328887,9.560562465808893,12600.21854682447
Haryana,Karnal,2018,45,1917.3337224375105,7.55921223532235,8.200818965643665,8.851734632633507,3642.9333418790256
Haryana,Karnal,2018,46,1038.2387624841472,6.94624376497267,7.380144979306118,7.698933210701986,1602.8222720180936
Haryana,Karnal,2018,47,555.8070800500512,6.3222188245465,6.364108195306076,6.685528881412604,579.6267916593749
Haryana,Karnal,2018,48,249.35778685067703,5.5228910421495465,3.8174401258084023,5.607853413783642,44.487616578704156
Haryana,Kurukshetra,2017,39,28.034348134395252,3.368479547543752,6.8237544137892705,5.988075106455889,918.4304606101048
Haryana,Kurukshetra,2017,40,2693.051020684517,7.8988012954266535,6.246585691649377,7.978191948626105,515.2471850895714
Haryana,Kurukshetra,2017,41,15118.799999526149,9.623760422101473,9.069725661885846,9.31729867980615,8687.239963372822
Haryana,Kurukshetra,2017,42,38650.27079877752,10.562334933132936,10.106533127049302,9.736687907411962,24501.56603202242
Haryana,Kurukshetra,2017,43,22705.304117095493,10.030397879323479,9.717297540698713,9.88960590852906,16601.316963158988
Haryana,Kurukshetra,2017,44,8562.847111364219,9.055304797070558,9.308793866965798,9.541716503204151,11033.630866388314
Haryana,Kurukshetra,2017,45,1007.22735173774,6.915948970558201,8.427467202506456,8.773049305268652,4569.908234323746
Haryana,Kurukshetra,2017,46,263.0912462132014,5.576294673025627,6.054289933889965,7.225649877153236,424.93635508116114
Haryana,Kurukshetra,2017,47,137.48038723446678,4.9307287071845725,3.9369005566047113,5.462137704605555,50.2594789790299
Haryana,Kurukshetra,2017,48,40.375440953701,3.7226874911316994,2.35130069306252,3.5140561888652884,9.499217106128196
Haryana,Kurukshetra,2018,40,1660.9328695319364,7.415736583222947,7.47196760363042,7.978191948626105,1757.0624547367106
Haryana,Kurukshetra,2018,41,5267.299148249779,8.56946284717532,8.711975467152799,9.31729867980615,6074.232063017354
Haryana,Kurukshetra,2018,42,18588.83842470405,9.830370389160992,9.718250758820263,9.736687907411962,16617.150137583514
Haryana,Kurukshetra,2018,43,16076.378116263346,9.685168476967274,10.062387601146545,9.88960590852906,23443.415514593667
Haryana,Kurukshetra,2018,44,7733.45324893551,8.953440075174065,9.637299986477672,9.541716503204151,15324.907660320832
Haryana,Kurukshetra,2018,45,3077.3716382519096,8.032156047283127,8.43187578365926,8.773049305268652,4590.1039387080355
Haryana,Kurukshetra,2018,46,818.3658442510635,6.708530680391233,7.192871419655775,7.225649877153236,1328.9164765478968
Haryana,Kurukshetra,2018,47,151.73023452496156,5.02867319213386,5.528403580824954,5.462137704605555,250.74170477938438
Haryana,Kurukshetra,2018,48,27.20111157730645,3.339361394802194,2.111277789917909,3.5140561888652884,7.258787540695529
Punjab,Ludhiana,2017,39,29.474596927654588,3.416893448951879,4.380235654289192,4.715885192439117,78.85684979709171
Punjab,Ludhiana,2017,40,699.0305780617675,6.551124017034715,5.072752424972543,4.746872996981128,158.61304623030267
Punjab,Ludhiana,2017,41,3990.083608769632,8.291818054157696,8.402953174852989,7.509942553399585,4459.219124464133
Punjab,Ludhiana,2017,42,16780.536501606784,9.728034543266984,10.026268527380218,9.363839251168919,22611.735118685978
Punjab,Ludhiana,2017,43,41488.69838531759,10.633200443725112,11.419191929476353,10.936924545445233,91051.53526068671
Punjab,Ludhiana,2017,44,133687.14870872663,11.803265118239182,12.180931541118975,12.301055131696689,195033.46024128693
Punjab,Ludhiana,2017,45,125810.04974422556,11.742536455195793,12.965390026680067,12.931007425891172,427362.4181826623
Punjab,Ludhiana,2017,46,85670.61210418542,11.358276802385634,11.027961685083252,11.659375464104503,61570.94977902105
Punjab,Ludhiana,2017,47,28608.559495217734,10.261496189044033,8.427973691991765,8.866318559759458,4572.223937672938
Punjab,Ludhiana,2017,48,1526.025779541025,7.331077187552238,6.295334870820902,5.269957744367488,541.037328490021
Punjab,Ludhiana,2018,40,81.49238791050169,4.41270602133221,5.916722430496259,4.746872996981128,370.19310672566576
Punjab,Ludhiana,2018,41,233.38547819859951,5.456967102706039,6.859253213713692,7.509942553399585,951.6553718147247
Punjab,Ludhiana,2018,42,3046.431340474372,8.022054331314711,7.572805545887165,9.363839251168919,1943.5882673138672
Punjab,Ludhiana,2018,43,22899.93972915089,10.038933224907831,10.079259572264233,10.936924545445233,23842.32474567944
Punjab,Ludhiana,2018,44,87455.20350609391,11.378893415679142,11.471561297668496,12.301055131696689,95946.96552009213
Punjab,Ludhiana,2018,45,142458.2826098442,11.866811501789245,12.473684390882172,12.931007425891172,261366.9309868737
Punjab,Ludhiana,2018,46,77590.88611996366,11.259218140394752,11.693805169897193,11.659375464104503,119826.10245224074
Punjab,Ludhiana,2018,47,19820.43363345369,9.894519137934783,9.450948378969334,8.866318559759458,12719.223137153955
Punjab,Ludhiana,2018,48,858.6763253965007,6.75655595258614,6.360205938560114,5.269957744367488,577.3654518785086
Haryana,Mahendragarh,2017,39,0.0,0.0,-0.4318533581937745,1.0268138571587726,-0.35069541509865515
Haryana,Mahendragarh,2017,40,0.0,0.0,-0.15282137745285515,0.4485825715498408,-0.14171698318135081
Haryana,Mahendragarh,2017,41,0.0,0.0,0.16484879601687719,0.8032196306586428,0.1792148032555171
Haryana,Mahendragarh,2017,42,0.0,0.0,0.1649758430641291,1.0490901778084143,0.17936462853157442
Haryana,Mahendragarh,2017,43,7.105525881498368e-26,7.105525881498368e-26,-0.14093835247064154,1.2325207507047122,-0.13145714643164663
Haryana,Mahendragarh,2017,44,15.386732417419262,2.796472008476064,0.5113640986319024,1.705451996397371,0.6675643664492135
Haryana,Mahendragarh,2017,45,536.642151160022,6.287193192310973,3.323915188412948,2.2298877304303044,26.768858318076127
Haryana,Mahendragarh,2017,46,1.8049370046080744e-10,1.8049370044451844e-10,4.545414257355196,1.0019232634920343,93.1994419394582
Haryana,Mahendragarh,2017,47,0.0,0.0,1.2464811253930566,1.175212234190309,2.4780824624828037
Haryana,Mahendragarh,2017,48,0.0,0.0,0.7406597730572573,1.86274407270313,1.0973188125577935
Haryana,Mahendragarh,2018,40,0.0,0.0,0.2650675366621397,0.4485825715498408,0.3035190081284745
Haryana,Mahendragarh,2018,41,0.0,0.0,-0.10013249084129114,0.8032196306586428,-0.09528245669346047
Haryana,Mahendragarh,2018,42,0.0,0.0,0.21794728443169775,1.0490901778084143,0.24352151294795019
Haryana,Mahendragarh,2018,43,0.0,0.0,0.13752413478358586,1.2325207507047122,0.1474293985981083
Haryana,Mahendragarh,2018,44,1.1991748687069918e-08,1.19917486151689e-08,0.005928639844841243,1.705451996397371,0.005946249012317222
Haryana,Mahendragarh,2018,45,9.550621435143915,2.356184761992425,1.3107870403576767,2.2298877304303044,2.709091768657735
Haryana,Mahendragarh,2018,46,0.0047817199790809,0.004770323870329674,3.0285938424601024,1.0019232634920343,19.668149472243268
Haryana,Mahendragarh,2018,47,5.291882787244295e-34,5.291882787244295e-34,1.167215475593111,1.175212234190309,2.2130334007846266
Haryana,Mahendragarh,2018,48,0.0,0.0,1.7204629701062641,1.86274407270313,4.587114532602567
Punjab,Mansa,2017,39,12.109725866471804,2.573354387295491,3.1409724849212455,3.402965099412391,22.126345949381516
Punjab,Mansa,2017,40,426.0494720387856,6.056899866093032,4.533179678651069,3.8826342360706816,92.05397290693156
Punjab,Mansa,2017,41,3027.144791632544,8.015705430994215,7.334845381400501,6.082902019401773,1531.7907636569178
Punjab,Mansa,2017,42,19933.398039121537,9.900202063178028,9.243716639539768,7.937682767212965,10338.39503957362
Punjab,Mansa,2017,43,74031.1992725369,11.212255402851296,10.921888277752902,9.879073427005649,55374.26416183275
Punjab,Mansa,2017,44,207778.2311829263,12.244231406468126,12.43094306254256,11.499706321724464,250431.08939734712
Punjab,Mansa,2017,45,126392.02737706632,11.74715159601723,12.638435368762282,12.239736559903523,308177.78636687936
Punjab,Mansa,2017,46,64404.07136056782,11.072947656826901,10.934143265378403,11.087148428034158,56057.06263685567
Punjab,Mansa,2017,47,23725.655765001786,10.074354410927091,8.451932370121042,8.772181709334971,4683.11544049222
Punjab,Mansa,2017,48,4307.863906986725,8.36842955368396,6.4643676336834,5.975281459965187,640.858345485814
Punjab,Mansa,2018,40,216.8279542497351,5.383705550516991,6.108458681884191,3.8826342360706816,448.6451345991395
Punjab,Mansa,2018,41,673.8389761040178,6.514474108494044,7.618092622758952,6.082902019401773,2033.6775286879063
Punjab,Mansa,2018,42,4643.395233900762,8.44341644554889,8.8320725018455,7.937682767212965,6849.469724640685
Punjab,Mansa,2018,43,31654.452790464,10.362665696792023,10.484536991873169,9.879073427005649,35757.275071668664
Punjab,Mansa,2018,44,124110.85975022052,11.728938532704074,12.045135072667268,11.499706321724464,170268.04329856424
Punjab,Mansa,2018,45,173036.365096288,12.061262833374437,12.358289170427184,12.239736559903523,232881.46667981194
Punjab,Mansa,2018,46,76479.34099991983,11.244789006396303,11.572736684649799,11.087148428034158,106162.61116215389
Punjab,Mansa,2018,47,19378.55171742185,9.871973753981244,9.681301749781989,8.772181709334971,16014.331317562861
Punjab,Mansa,2018,48,2430.064029835412,7.79608431285672,7.059727985933887,5.975281459965187,1163.1284633842024
Haryana,Mewat,2017,39,0.0263836977046687,0.026041651208614226,0.13525677309830283,0.05560235873023128,0.14483070834182588
Haryana,Mewat,2017,40,12.110479766867051,2.5734118925954874,1.1817488352692878,0.4673816681340705,2.2600705468068987
Haryana,Mewat,2017,41,436.1519625219858,6.080280874972846,3.7506818253867835,3.0210414654006,41.55008383921548
Haryana,Mewat,2017,42,3604.680671193655,8.190265844987268,7.0623861708701945,5.470085414045877,1166.2270486112477
Haryana,Mewat,2017,43,7054.771910898318,8.861601271611185,8.7174615635307,7.468050492607757,6107.652962949145
Haryana,Mewat,2017,44,5515.833653924386,8.61555936127253,8.948924532918927,8.346421637475668,7698.606733137189
Haryana,Mewat,2017,45,1124.1939911990903,7.025710736394449,8.63894261478952,8.445674373148996,5646.3552363668905
Haryana,Mewat,2017,46,58.2343818433146,4.081502147686104,6.364578491105586,7.586854506719256,579.8999222216192
Haryana,Mewat,2017,47,1.6711577130163444,0.9825119788153313,2.023750372337785,5.339341575586947,6.5666495396763205
Haryana,Mewat,2017,48,0.0275476337363294,0.0271750251811874,1.0145301330579342,2.6025760442247217,1.7580671682861553
Haryana,Mewat,2018,40,74.62528412840048,4.325790673413707,1.492827885355392,0.4673816681340705,3.4496608747614026
Haryana,Mewat,2018,41,1016.9343161239128,6.925530672557206,5.532768196456934,3.0210414654006,251.84286187494766
Haryana,Mewat,2018,42,4287.441759564427,8.363678719730688,8.102062488353681,5.470085414045877,3300.269889240561
Haryana,Mewat,2018,43,4320.509240910545,8.371359981547585,9.2767956248155,7.468050492607757,10686.131411265618
Haryana,Mewat,2018,44,1017.5315097390215,6.926117172585483,8.778028442203386,8.346421637475668,6489.069005325922
Haryana,Mewat,2018,45,172.0683312331293,5.153686494740594,6.748349747466979,8.445674373148996,851.6505121938777
Haryana,Mewat,2018,46,3.3996957304571507,1.4815353863642646,4.41192005447484,7.586854506719256,81.42757710052943
Haryana,Mewat,2018,47,0.0467500823776037,0.04569020461556367,1.165335716828959,5.339341575586947,2.206999346150304
Haryana,Mewat,2018,48,0.000135224658486,0.0001352155164560113,0.6981832934931133,2.6025760442247217,1.0100976309294962
Punjab,Moga,2017,39,46.195440225716446,3.854297282537545,4.043441705019908,1.742567025746876,56.02225926470495
Punjab,Moga,2017,40,739.9634894319757,6.607951352060556,5.520551838036692,5.325532103012675,248.77283331558098
Punjab,Moga,2017,41,2463.3984181032115,7.809703007240847,7.952774204700454,7.567787688805875,2842.4523375205213
Punjab,Moga,2017,42,7418.126982095403,8.91181667183971,9.09329347480953,9.139695665691956,8894.434751165922
Punjab,Moga,2017,43,17416.937651914715,9.765255853725938,10.643765546000585,10.752249398044114,41929.3650372831
Punjab,Moga,2017,44,78213.1311060827,11.267205614889642,11.37433584940223,12.264247073243174,87057.5229783341
Punjab,Moga,2017,45,140758.01438562977,11.854804589319714,12.682892362088046,12.924640981509517,322187.5983051104
Punjab,Moga,2017,46,182798.86219748727,12.116147184158836,11.303943234288194,11.51399081776181,81139.96537114489
Punjab,Moga,2017,47,107279.44134072684,11.583201631861405,8.760118057563766,8.476905056007034,6373.864134497078
Punjab,Moga,2017,48,7784.174886765187,8.959976548597044,7.217069838273147,4.764760652666907,1361.4908872704311
Punjab,Moga,2018,40,27.332723604842712,3.3440174477615714,6.112823527566502,5.325532103012675,450.61205575432865
Punjab,Moga,2018,41,149.77443630202197,5.015784920660003,6.182848219252983,7.567787688805875,483.3695843038154
Punjab,Moga,2018,42,3572.044202562849,8.181173229221123,7.905722072186131,9.139695665691956,2711.760614159206
Punjab,Moga,2018,43,37415.29073442578,10.529861469699078,9.684322713033014,10.752249398044114,16062.786198282385
Punjab,Moga,2018,44,155871.8311841876,11.956795769071185,11.532905209818663,12.264247073243174,102017.06759032648
Punjab,Moga,2018,45,240679.90035434463,12.391227270204574,12.561171258476064,12.924640981509517,285263.2602183708
Punjab,Moga,2018,46,117377.71089949623,11.673160831767953,12.226198489375925,11.51399081776181,204064.94683309237
Punjab,Moga,2018,47,25032.44659916121,10.127968073674195,10.09011333242742,8.476905056007034,24102.523989683206
Punjab,Moga,2018,48,777.8661085254205,6.657839155007758,6.953724784227915,4.764760652666907,1046.0424811669707
Punjab,Muktsar,2017,39,223.98750843741092,5.4160448826072844,6.088433868390532,7.049713431035936,439.7306281905841
Punjab,Muktsar,2017,40,3755.993809513296,8.231374397851903,7.3952069598519,8.119825364714263,1627.161852880197
Punjab,Muktsar,2017,41,12320.262939496262,9.419081743156333,9.558546359511674,9.745849441326179,14164.240059788728
Punjab,Muktsar,2017,42,34501.93119595938,10.44879956161209,10.657783868902971,10.505001392392629,42521.29769180913
Punjab,Muktsar,2017,43,65724.65180100048,11.093244566642868,11.721724880505569,11.225543350202274,123218.78140015194
Punjab,Muktsar,2017,44,206645.4446955009,12.238764615318136,12.227014391501735,11.946028610162928,204231.51261436622
Punjab,Muktsar,2017,45,220445.82849116888,12.303411804160342,12.614835274597954,12.301521012333637,300989.8891288392
Punjab,Muktsar,2017,46,169494.87720057042,12.040583882206356,10.888923953815137,11.245919876364193,53578.61479957674
Punjab,Muktsar,2017,47,58999.31608177553,10.985298080191736,8.842739136091168,9.097141182668025,6922.932282192202
Punjab,Muktsar,2017,48,3031.319958575394,8.017083268429284,6.977672686631912,6.485760209011831,1071.419603940846
Punjab,Muktsar,2018,40,466.0300391155035,6.146393579188026,8.187460900931674,8.119825364714263,3594.581109602947
Punjab,Muktsar,2018,41,1215.3985738981314,7.103649783407037,8.32643810276982,9.745849441326179,4130.674710899926
Punjab,Muktsar,2018,42,12648.80242556052,9.445396875500931,9.324754458750974,10.505001392392629,11211.16309616633
Punjab,Muktsar,2018,43,77622.25611552976,11.259622353483005,10.804893732150582,11.225543350202274,49260.283755777935
Punjab,Muktsar,2018,44,246477.38841636007,12.41502959485401,12.204176303907415,11.946028610162928,199620.09105939584
Punjab,Muktsar,2018,45,317871.5639918141,12.669405839279607,12.69208834614648,12.301521012333637,325164.1044947324
Punjab,Muktsar,2018,46,140208.70386283353,11.850894465615617,12.3421038428911,11.245919876364193,229142.52728078832
Punjab,Muktsar,2018,47,35079.985527107005,10.465414539794663,10.076848866726879,9.097141182668025,23784.914737801235
Punjab,Muktsar,2018,48,1838.8070224659891,7.517415966008263,7.000312396663882,6.485760209011831,1095.9757964853607
Haryana,Palwal,2017,39,2.5156951684758537,1.257237277678701,2.1752320894352146,0.4702809651030287,7.80422825344669
Haryana,Palwal,2017,40,171.87096654177594,5.152545458067188,3.468207867006152,2.7560517686563637,31.0792007049291
Haryana,Palwal,2017,41,2791.545517873752,7.934708830854827,6.415340278935455,5.2339121880738375,610.1486864641622
Haryana,Palwal,2017,42,21618.978553146688,9.981373099201342,8.99339556464487,7.157461361009967,8048.743967641382
Haryana,Palwal,2017,43,40880.39846703236,10.618430433368603,10.417889831125196,9.22963272223036,33451.76862284882
Haryana,Palwal,2017,44,33133.458260509986,10.408329054924662,10.819477763197689,10.111049937424102,49983.97619696912
Haryana,Palwal,2017,45,7532.911969139133,8.927169703705243,10.572836841115242,10.22093886415114,39058.32179478735
Haryana,Palwal,2017,46,554.5447154639531,6.319949101724769,7.890042847323098,9.309806268475686,2669.5583445016505
Haryana,Palwal,2017,47,40.1530783739387,3.7172987329262384,5.154943203334556,7.407357833713097,172.28596441443457
Haryana,Palwal,2017,48,2.339359432955993,1.205779002055097,2.1211088751069695,4.998931682508342,7.340380802554275
Haryana,Palwal,2018,40,530.117946867966,6.274984118738359,3.6778098736725466,2.7560517686563637,38.55965847675168
Haryana,Palwal,2018,41,6338.76724776803,8.754597335048867,7.712549254715579,5.2339121880738375,2235.235732530454
Haryana,Palwal,2018,42,25912.426911764163,10.16251652693936,9.801511740763575,7.157461361009967,18060.02789234467
Haryana,Palwal,2018,43,25827.183776968704,10.159221569137207,10.896750884253509,9.22963272223036,53999.62417379056
Haryana,Palwal,2018,44,6487.801750979449,8.77783316260252,10.517790918390686,10.111049937424102,36966.37028655803
Haryana,Palwal,2018,45,1066.315053332606,6.9729014779454515,9.083776471769477,10.22093886415114,8810.178441321988
Haryana,Palwal,2018,46,79.13796880240274,4.3837497592716534,6.556709175475671,9.309806268475686,702.951298484232
Haryana,Palwal,2018,47,80.35187111392025,4.398783834186276,2.3965527605951875,7.407357833713097,9.985242274195015
Haryana,Palwal,2018,48,45.95469406995659,3.8491831808473544,1.4497725312391052,4.998931682508342,3.262144900075252
Haryana,Panchkula,2017,39,0.9549894544443792,0.670384799276683,4.045631791562737,2.0962918053315427,56.147279800287066
Haryana,Panchkula,2017,40,28.584740259527067,3.387258696625087,2.3854281592299995,4.457322347679764,9.863713068315171
Haryana,Panchkula,2017,41,75.80154531390767,4.3412247612260355,4.9291702304183875,5.905952402587302,137.26473685509103
Haryana,Panchkula,2017,42,371.4430084216138,5.9200840285884295,5.285370565392084,5.518580571362169,196.42732963041087
Haryana,Panchkula,2017,43,690.1530048774464,6.538361224549684,6.0383630076137695,5.723972165358772,418.2062354816031
Haryana,Panchkula,2017,44,371.7332538579725,5.920863026701301,5.91618964867647,5.450633186228446,369.99539446019844
Haryana,Panchkula,2017,45,64.549870457547,4.182811233968962,4.889667714920617,5.02117976197786,131.90940290148833
Haryana,Panchkula,2017,46,17.903111384875924,2.9393265320550377,3.1517253741478433,3.847482784701434,22.37636277821994
Haryana,Panchkula,2017,47,8.91663509797374,2.2942136599208562,2.9441411145288696,3.129883553817713,17.994341414674224
Haryana,Panchkula,2017,48,2.3452201698947057,1.2075325120104359,1.1721475316242165,1.2138689473900774,2.2289194046752847
Haryana,Panchkula,2018,40,78.66603627751962,4.377843350397613,4.79043219486997,4.457322347679764,119.35337353491194
Haryana,Panchkula,2018,41,91.2347004274781,4.524336420141538,5.515165127297123,5.905952402587302,247.4309965996641
Haryana,Panchkula,2018,42,301.5559515550541,5.712266224185559,5.34861613732065,5.518580571362169,209.3170464757411
Haryana,Panchkula,2018,43,456.4327911577598,6.12562996935084,6.081675763311141,5.723972165358772,436.76216618061386
Haryana,Panchkula,2018,44,348.92229808842046,5.857711124374943,5.50345895325673,5.450633186228446,244.5397757003034
Haryana,Panchkula,2018,45,184.5817136447152,5.223495289876986,5.301183035515477,5.02117976197786,199.57395578434813
Haryana,Panchkula,2018,46,24.524395700289627,3.239634688953224,3.7759603975782765,3.847482784701434,42.63939936994242
Haryana,Panchkula,2018,47,4.012222048955238,1.6118793395151894,1.535644823055909,3.129883553817713,3.644319328797179
Haryana,Panchkula,2018,48,1.2445751344667708,0.8085162536035114,0.931025654197691,1.2138689473900774,1.5371100411602678
Haryana,Panipat,2017,39,8.76322356277519,2.278622628964783,4.682191796898697,4.461780522683728,107.0065417337572
Haryana,Panipat,2017,40,176.06910240751415,5.176540065466034,3.770329276805108,5.436389901601112,42.39435123696732
Haryana,Panipat,2017,41,238.46788992461632,5.478419336566645,5.90550643866358,6.2266112491068055,366.053068590024
Haryana,Panipat,2017,42,371.7503701045612,5.920908946547269,6.255350722052263,6.16441431723052,519.7919959685428
Haryana,Panipat,2017,43,510.157098471329,6.236676976363427,6.120639466379555,6.500254204253982,454.155658199741
Haryana,Panipat,2017,44,940.5656596223528,6.84754408504137,6.449012811235945,6.989515084380824,631.0780044137431
Haryana,Panipat,2017,45,1240.6072228647593,7.124161966796666,6.5635435134831726,7.224552176128971,707.7788172560365
Haryana,Panipat,2017,46,1062.6165538649282,6.969430223242602,6.914325954919672,6.42974215645823,1005.5923101865963
Haryana,Panipat,2017,47,909.3189858483188,6.813795071987493,5.9546408004251505,5.845174948443205,384.53840057355023
Haryana,Panipat,2017,48,386.9365948927195,5.960841911044601,4.741921885214719,5.110279938133301,113.65434255541246
Haryana,Panipat,2018,40,83.18470581324672,4.433013263576684,4.923507831806281,5.436389901601112,136.4840391976277
Haryana,Panipat,2018,41,85.34730357695058,4.4583775774340255,5.375847059715358,6.2266112491068055,215.12286376879277
Haryana,Panipat,2018,42,158.52800538036817,5.072219489134185,5.337469641630287,6.16441431723052,206.9857653683265
Haryana,Panipat,2018,43,187.27318114095263,5.237893999289855,6.30171663528356,6.500254204253982,544.5075443228609
Haryana,Panipat,2018,44,298.69425959285525,5.702762820294853,6.241762606215119,6.989515084380824,512.7632756794251
Haryana,Panipat,2018,45,441.919814872424,6.093388748859135,6.1576515004850085,7.224552176128971,471.3175337936778
Haryana,Panipat,2018,46,405.2461236754477,6.00695919187645,6.044858170461097,6.42974215645823,420.9379099795719
Haryana,Panipat,2018,47,149.0909868477493,5.011241689186579,5.665926809609747,5.845174948443205,287.85557121415405
Haryana,Panipat,2018,48,26.98421337916948,3.331640543288967,3.4197025030590993,5.110279938133301,29.560322066226508
Punjab,Pathankot,2017,39,1.1288416282366538,0.7555779952800099,1.217107845414131,0.8992436686790657,2.377405615601678
Punjab,Pathankot,2017,40,10.88342595937343,2.4751446527794974,2.218496515184225,1.67961632768781,8.193498184950146
Punjab,Pathankot,2017,41,19.488099292233237,3.019844195245947,4.113403986987777,3.5377233170867286,60.154532902856815
Punjab,Pathankot,2017,42,36.65367200085734,3.6284304793934203,4.841910026647314,4.794888435415008,125.7111424017924
Punjab,Pathankot,2017,43,51.90054807034958,3.9684136993086856,4.7339935418598165,5.534904739395605,112.7489175634213
Punjab,Pathankot,2017,44,147.40470238411535,4.999943017455748,4.458436526499763,5.204698953245346,85.35239381985642
Punjab,Pathankot,2017,45,169.55466853664686,5.139055881909223,3.8018612074610934,4.2697312583363205,43.78446014399111
Punjab,Pathankot,2017,46,166.53015652657143,5.121163374024658,3.7435286561496732,2.222798794537737,41.24680189518526
Punjab,Pathankot,2017,47,88.88162480675348,4.498493524665453,2.5090305253638236,0.7797808212603426,11.293006523634002
Punjab,Pathankot,2017,48,6.842878657010922,2.059605942608986,2.0690989837936846,0.840043395748693,6.917685939627593
Punjab,Pathankot,2018,40,6.524568449446426e-06,6.5245471645422836e-06,2.1228241789262263,1.67961632768781,7.354699366431852
Punjab,Pathankot,2018,41,0.0113911323841599,0.011326741960844211,1.504124656448929,3.5377233170867286,3.5002126735523484
Punjab,Pathankot,2018,42,7.328381475258794,2.1196691366107068,1.4226498831148118,4.794888435415008,3.1480978638711923
Punjab,Pathankot,2018,43,217.85125049107185,5.3883922775391175,3.8657264400901346,5.534904739395605,46.73793859213393
Punjab,Pathankot,2018,44,440.3400370608164,6.089815637428322,5.600287958037246,5.204698953245346,269.5042900965868
Punjab,Pathankot,2018,45,79.53509460022099,4.388693047189261,4.734278997133405,4.2697312583363205,112.78139242664473
Punjab,Pathankot,2018,46,0.7584644414503257,0.5644409517722794,4.0546113245419155,2.222798794537737,56.662746545655146
Punjab,Pathankot,2018,47,0.0004183850196433,0.0004182975210355228,1.154955914939071,0.7797808212603426,2.1738834935961484
Punjab,Pathankot,2018,48,2.8091688464265803e-09,2.8091688424808655e-09,0.32828650601634946,0.840043395748693,0.38858675376247487
Punjab,Patiala,2017,39,11.88272178770512,2.555887017272714,4.968122128841139,5.398726714688259,142.75667722235335
Punjab,Patiala,2017,40,1635.4925091984403,7.400310516600139,5.375478071460912,6.344793208679422,215.0431316815513
Punjab,Patiala,2017,41,16171.21503952734,9.691049927699671,8.960296217436795,8.44718023720016,7786.663962407267
Punjab,Patiala,2017,42,64701.13072764281,11.077549412367794,10.916489900468283,9.898278712101344,55076.13302984008
Punjab,Patiala,2017,43,135772.5807056923,11.818743929566821,12.201442030855647,11.275935145030214,199075.01801840297
Punjab,Patiala,2017,44,269909.05703741,12.505844060399358,12.779355646251513,12.3083836045235,354815.3626299796
Punjab,Patiala,2017,45,100945.93722491244,11.522350283755346,12.197525564958744,12.311060844935128,198296.86837586178
Punjab,Patiala,2017,46,18090.55875933857,9.803200741583685,9.884444835567091,10.31329209253762,19621.749002591103
Punjab,Patiala,2017,47,1184.040724562608,7.07753241969821,7.0304946820908345,7.182308687131207,1129.5897543792314
Punjab,Patiala,2017,48,40.66230413270879,3.7295967423376895,3.223271607387234,3.5558709198104133,24.110136453578214
Punjab,Patiala,2018,40,3030.2404873111404,8.016727216474235,6.194932680945157,6.344793208679422,489.2584401522828
Punjab,Patiala,2018,41,8306.530984494648,9.024917729923226,9.312716761356084,8.44718023720016,11077.003575569475
Punjab,Patiala,2018,42,30112.363523555305,10.312724323093292,10.680597212019292,9.898278712101344,43502.523422687234
Punjab,Patiala,2018,43,65544.35092831826,11.0904975626235,11.948972831131844,11.275935145030214,154657.20486697537
Punjab,Patiala,2018,44,138820.23404953224,11.84094229841992,12.435756905458693,12.3083836045235,251639.53644036397
Punjab,Patiala,2018,45,153991.1321117945,11.944656789907466,12.239121684352378,12.311060844935128,206719.24491704066
Punjab,Patiala,2018,46,59310.389890555314,10.990556638895661,10.441603749055991,10.31329209253762,34254.54570770028
Punjab,Patiala,2018,47,11451.623302680744,9.345974092145266,8.39215502309583,7.182308687131207,4411.316099014353
Punjab,Patiala,2018,48,582.8147628814081,6.369583745666936,5.84895109400717,3.5558709198104133,345.87035520365515
Haryana,Rewari,2017,39,9.02869964463122,2.305450946971911,-0.3095821329012642,0.0,-0.26624649638046194
Haryana,Rewari,2017,40,116.5141816030805,4.766559020795522,2.2720701181683003,4.683650957618459e-05,8.699459071875145
Haryana,Rewari,2017,41,80.63187832448578,4.402219851421316,4.278425649821683,8.073968646156697e-05,71.12679773755458
Haryana,Rewari,2017,42,84.91141785782001,4.453316740504231,4.181042094598083,0.7885077007392958,64.43400612126395
Haryana,Rewari,2017,43,80.81543109289038,4.404465869984992,5.271429052494932,2.870918812890358,193.69399167344534
Haryana,Rewari,2017,44,86.40311146527051,4.470530882316951,2.9297211785008956,0.00018802588708342823,17.72240955855188
Haryana,Rewari,2017,45,62.0454760283113,4.143856307708331,2.7802225819329593,0.00021712222971198382,15.122609150187241
Haryana,Rewari,2017,46,27.410713079080185,3.3467662951315433,2.832075549532354,0.8725163100080314,15.980668492821355
Haryana,Rewari,2017,47,12.160193716979071,2.577196645924019,1.9674031960485785,1.055608481972165,6.152079803729749
Haryana,Rewari,2017,48,2.7876105335698806,1.331735354190476,1.6653127725159762,1.4030919073501587,4.287326721648521
Haryana,Rewari,2018,40,2.339067594249117e-26,2.339067594249117e-26,0.2851132594845258,4.683650957618459e-05,0.32991264481254423
Haryana,Rewari,2018,41,2.194424076525995,1.1614068138427767,-0.01877697645797636,8.073968646156697e-05,-0.018601787256966366
Haryana,Rewari,2018,42,54.92606990697154,4.0240306382968445,2.9835312099378917,0.7885077007392958,18.75746135122435
Haryana,Rewari,2018,43,1.9091220315526547e-11,1.9091220315344312e-11,4.497118633902289,2.870918812890358,88.75813230483203
Haryana,Rewari,2018,44,0.0,0.0,0.7102110624529369,0.00018802588708342823,1.0344206031387095
Haryana,Rewari,2018,45,0.0,0.0,1.2722931841764613,0.00021712222971198382,2.5690276229835516
Haryana,Rewari,2018,46,0.0,0.0,0.8254690868097937,0.8725163100080314,1.282951416592402
Haryana,Rewari,2018,47,0.0,0.0,0.3844656696065164,1.055608481972165,0.46882927159917326
Haryana,Rewari,2018,48,0.0,0.0,0.9343662332499787,1.4030919073501587,1.545599629993486
Haryana,Rohtak,2017,39,1.3860422593453177,0.8696360348957942,0.3559160579298058,0.10347137655132799,0.42748771696033305
Haryana,Rohtak,2017,40,30.68214231721045,3.4557531883091688,1.408054956075603,1.2114712895540365,3.087996333777773
Haryana,Rohtak,2017,41,46.33180148168459,3.857182405346454,3.6861273966358876,1.616451821125547,38.8900690384236
Haryana,Rohtak,2017,42,96.75011016769876,4.582414325900121,4.529784331249732,1.6931325665212533,91.73855811625135
Haryana,Rohtak,2017,43,197.0355043912713,5.288446329726934,4.953078731230726,2.1508304765318718,140.61027344857342
Haryana,Rohtak,2017,44,467.16912143129485,6.148829601218715,5.840899773633746,2.724829973179354,343.0888034538742
Haryana,Rohtak,2017,45,1321.7709955698929,7.187484054324983,5.906318334038083,3.6838320176280277,366.3511982872939
Haryana,Rohtak,2017,46,1533.4251341796923,7.335911084456233,6.851039884595774,4.608877413198161,943.8629444011301
Haryana,Rohtak,2017,47,1975.984273421305,7.589327868369784,6.044803022667218,5.091269141832077,420.9146416762863
Haryana,Rohtak,2017,48,704.5734934433278,6.559010938005284,5.702915650118435,4.43380817600694,298.7400653138281
Haryana,Rohtak,2018,40,0.780966357378085,0.5771561143919327,2.4923735679819043,1.2114712895540365,11.089938381721428
Haryana,Rohtak,2018,41,2.251261290935208,1.1790430105729126,1.9141115660873471,1.616451821125547,5.780911728131585
Haryana,Rohtak,2018,42,9.228036217855276,2.3251325984722677,3.0835505241729244,1.6931325665212533,20.835793437950546
Haryana,Rohtak,2018,43,24.520595995222205,3.239485812248645,3.7418831096730756,2.1508304765318718,41.17733998625308
Haryana,Rohtak,2018,44,75.36735794068767,4.335555352789057,4.686968013795848,2.724829973179354,107.52363830306386
Haryana,Rohtak,2018,45,252.15609520395483,5.534006275566136,5.311013304908876,3.6838320176280277,201.55537478825912
Haryana,Rohtak,2018,46,488.10768017628936,6.192582670092828,5.8895943550260075,4.608877413198161,360.2587118653163
Haryana,Rohtak,2018,47,536.2155808340171,6.286399468014812,5.988434678920807,5.091269141832077,397.7898868924804
Haryana,Rohtak,2018,48,267.416690773832,5.59254058935567,5.606511528118824,4.43380817600694,271.1930420857067
Punjab,Rupnagar,2017,39,7.361452735920809,2.1236321842392947,2.8781652891698792,2.982930306552624,16.781619104231623
Punjab,Rupnagar,2017,40,127.05959293995322,4.852495725418989,4.040578331223086,4.112434376514844,55.859216758907806
Punjab,Rupnagar,2017,41,691.4540693820499,6.540241910059747,7.105745098981492,6.180766527059907,1217.9499848468492
Punjab,Rupnagar,2017,42,2787.763694925627,7.933353656510346,8.37497497242766,7.45256983615257,4336.159728546049
Punjab,Rupnagar,2017,43,5292.321639388119,8.574201236946973,8.928544527527796,8.638625264916913,7543.27689413163
Punjab,Rupnagar,2017,44,10448.701429751303,9.254328685669124,8.939479765313427,9.461990566232952,7626.2280747289215
Punjab,Rupnagar,2017,45,4366.574572292682,8.381963116228258,9.039202122158384,9.612043528223335,8426.050615967091
Punjab,Rupnagar,2017,46,1207.1640726565768,7.0968571910074,7.020245291110984,8.080618223754762,1118.0610798190858
Punjab,Rupnagar,2017,47,183.688224700367,5.218669131520255,5.045897302125696,5.203479940544955,154.38366275428976
Punjab,Rupnagar,2017,48,6.328292974339817,1.991742606695437,1.820718019080306,2.151535040358336,5.176291553347496
Punjab,Rupnagar,2018,40,9.985620972661998,2.3965872333842415,4.219691184389918,4.112434376514844,67.01247773120629
Punjab,Rupnagar,2018,41,10.53365287059962,2.445269098555097,4.868505158923422,6.180766527059907,129.1262533685123
Punjab,Rupnagar,2018,42,139.2569750861104,4.943476276400448,4.932257562366372,7.45256983615257,137.69226561647858
Punjab,Rupnagar,2018,43,836.3302666861888,6.730218576516205,6.898256266835549,8.638625264916913,989.5459609566245
Punjab,Rupnagar,2018,44,1840.408996822718,7.518286316701872,7.968818798029911,9.461990566232952,2888.442332720627
Punjab,Rupnagar,2018,45,1949.4515738217,7.5758162010669565,8.021995181071365,9.612043528223335,3046.2510894999996
Punjab,Rupnagar,2018,46,852.481799704873,6.74932421770118,7.087890537839497,8.080618223754762,1196.3793083263724
Punjab,Rupnagar,2018,47,186.8347395614128,5.235562531357323,5.0027792981186225,5.203479940544955,147.82621725643529
Punjab,Rupnagar,2018,48,6.987900945558702,2.077928015070912,2.262332405859232,2.151535040358336,8.605466906927823
Punjab,Sahibzada Ajit Singh Nagar,2017,39,9.231745376835612,2.3254951789821137,5.479325410607332,3.6728595193281897,238.68496389094713
Punjab,Sahibzada Ajit Singh Nagar,2017,40,246.3797122765713,5.510924452863365,4.088333307786278,5.393577957029767,58.640406620330246
Punjab,Sahibzada Ajit Singh Nagar,2017,41,2037.2639755283687,7.619853732150628,7.239166058903604,7.074212659138189,1391.9318632439147
Punjab,Sahibzada Ajit Singh Nagar,2017,42,7509.137036875967,8.924008991845492,8.305604110422678,7.88979150105895,4045.4859242213083
Punjab,Sahibzada Ajit Singh Nagar,2017,43,4695.199366028895,8.454508815042223,8.624817605067282,8.352736180580125,5567.147014140052
Punjab,Sahibzada Ajit Singh Nagar,2017,44,1796.7453510521598,7.494288575997983,8.200764255153917,8.40956238300993,3642.733985954764
Punjab,Sahibzada Ajit Singh Nagar,2017,45,819.0316991422675,6.709342997001688,6.931098772019939,7.930864449254521,1022.6180848525936
Punjab,Sahibzada Ajit Singh Nagar,2017,46,451.955240026717,6.115793312713171,5.566630507918558,6.123319554650212,260.5513177188812
Punjab,Sahibzada Ajit Singh Nagar,2017,47,125.76773360221392,4.842356542761429,3.9224210200084744,3.3676217771784906,49.52261308960003
Punjab,Sahibzada Ajit Singh Nagar,2017,48,5.192938150797332,1.8234096349526117,1.98569163263283,1.331807332908927,6.2840835535494515
Punjab,Sahibzada Ajit Singh Nagar,2018,40,71.91221809528415,4.28925622572953,5.174105437098958,5.393577957029767,175.63852930328906
Punjab,Sahibzada Ajit Singh Nagar,2018,41,106.9879109864392,4.682019285548247,6.061375936197448,7.074212659138189,427.9652598152826
Punjab,Sahibzada Ajit Singh Nagar,2018,42,809.1289345896247,6.69719341350464,6.872108165943303,7.88979150105895,963.9807625349202
Punjab,Sahibzada Ajit Singh Nagar,2018,43,2212.4683446667614,7.702315951038429,7.633153856230209,8.352736180580125,2064.5542188336485
Punjab,Sahibzada Ajit Singh Nagar,2018,44,2520.770312465997,7.832716438811198,8.253283651317256,8.40956238300993,3839.2150680467216
Punjab,Sahibzada Ajit Singh Nagar,2018,45,1104.8131480480306,7.008336223910946,7.567790561276486,7.930864449254521,1933.8605995189462
Punjab,Sahibzada Ajit Singh Nagar,2018,46,150.26375380868518,5.019025027048979,6.094277461847482,6.123319554650212,442.31361842794564
Punjab,Sahibzada Ajit Singh Nagar,2018,47,21.990201563795136,3.13506810619186,3.346603226608223,3.3676217771784906,27.406080563770878
Punjab,Sahibzada Ajit Singh Nagar,2018,48,7.900286654050829,2.186083484539735,0.8276776000202213,1.331807332908927,1.2879989166383652
Punjab,Sangrur,2017,39,9.692810491323144,2.3695715989318957,2.9826549410189385,3.2098934219317607,18.740156085065603
Punjab,Sangrur,2017,40,373.8217988721499,5.926450710018079,4.359184658446796,3.1802046782861297,77.19335413444755
Punjab,Sangrur,2017,41,3319.896149724133,8.107989950103143,7.465423381786133,6.146659738656069,1745.5948681587727
Punjab,Sangrur,2017,42,26315.74559137077,10.17796073004997,9.715124274747861,8.557948934423319,16565.274891686884
Punjab,Sangrur,2017,43,149953.61988548757,11.918087993208971,12.047368344085559,11.026114138745108,170648.72521117917
Punjab,Sangrur,2017,44,458222.3709485353,13.03511205369932,13.065857122669422,12.747097835257136,472529.2866866518
Punjab,Sangrur,2017,45,160083.0389507249,11.98345419976594,12.944306855361065,13.031343423768453,418446.5595648901
Punjab,Sangrur,2017,46,39861.94294818505,10.593202423158365,10.111563786290663,11.068455357993637,24625.14066258313
Punjab,Sangrur,2017,47,5838.099092234985,8.672331798893943,7.1437798540796535,7.459136219598513,1265.205426906372
Punjab,Sangrur,2017,48,138.29482087354023,4.936592700435859,4.430967196865367,3.178223892096001,83.01263438392188
Punjab,Sangrur,2018,40,167.49571658722616,5.126910328621979,4.8895014244778725,3.1802046782861297,131.88730317557247
Punjab,Sangrur,2018,41,558.5640081519228,6.327157923624828,7.176441076263419,6.146659738656069,1307.2440226339295
Punjab,Sangrur,2018,42,4735.314611504758,8.46301460415156,8.701102756542738,8.557948934423319,6008.535619312854
Punjab,Sangrur,2018,43,56269.89702074041,10.937932753667607,10.872876060635717,11.026114138745108,52725.63741552396
Punjab,Sangrur,2018,44,295447.05827191967,12.596248324648382,12.644818164655565,12.747097835257136,310151.11965121457
Punjab,Sangrur,2018,45,397435.4384181185,12.892790296939975,12.855124040251885,13.031343423768453,382743.9196903721
Punjab,Sangrur,2018,46,115781.63246820393,11.659469854187472,11.186380133793389,11.068455357993637,72140.16718673096
Punjab,Sangrur,2018,47,12962.843080347471,9.469919459926183,9.288990052079766,7.459136219598513,10817.252707627897
Punjab,Sangrur,2018,48,319.1026982060686,5.768641876200112,5.688402109494916,3.178223892096001,294.42119257822424
Punjab,Shahid Bhagat Singh Nagar,2017,39,17.2061858402864,2.9017614176705906,4.076136929390948,2.731881420692725,57.91742747913225
Punjab,Shahid Bhagat Singh Nagar,2017,40,311.0246676379252,5.743082247626241,5.054097946117468,4.750428404946353,155.66314798561237
Punjab,Shahid Bhagat Singh Nagar,2017,41,1129.9203773607885,7.030787073426405,7.3578859258623455,6.875562575701522,1567.5170939694312
Punjab,Shahid Bhagat Singh Nagar,2017,42,3277.412153987173,8.095114484770093,8.525356081042856,8.19117282335729,5039.981484240501
Punjab,Shahid Bhagat Singh Nagar,2017,43,5803.789400098663,8.66643861442112,9.302961248604595,9.326045992134402,10969.457407364254
Punjab,Shahid Bhagat Singh Nagar,2017,44,14989.304846033838,9.61515892751653,9.865507502172461,10.213214771409694,19253.642937116772
Punjab,Shahid Bhagat Singh Nagar,2017,45,11622.064926004554,9.360746758621787,9.95781097050914,10.454339086158123,21115.520401060414
Punjab,Shahid Bhagat Singh Nagar,2017,46,6275.222628828777,8.744523586268508,8.058410370715348,9.028263644086378,3159.262493566424
Punjab,Shahid Bhagat Singh Nagar,2017,47,1347.1337226716644,7.2064764873471825,6.256646778841056,6.330395857974963,520.4674095631092
Punjab,Shahid Bhagat Singh Nagar,2017,48,40.245006716157086,3.719530056148349,4.040761525254219,3.229728250951349,55.86963398219033
Punjab,Shahid Bhagat Singh Nagar,2018,40,77.61396294435853,4.3645493292605755,4.985951893304305,4.750428404946353,145.34281148890483
Punjab,Shahid Bhagat Singh Nagar,2018,41,98.66300905531962,4.601794585607563,6.216147184246067,6.875562575701522,499.7701354121614
Punjab,Shahid Bhagat Singh Nagar,2018,42,535.1423958863378,6.284399789755427,6.472749616250125,8.19117282335729,646.2610018020619
Punjab,Shahid Bhagat Singh Nagar,2018,43,2098.5836902438373,7.649494361317795,7.505970927654927,9.326045992134402,1817.8703992969831
Punjab,Shahid Bhagat Singh Nagar,2018,44,5692.288986793814,8.64704338943928,8.597605250705554,10.213214771409694,5417.667690770136
Punjab,Shahid Bhagat Singh Nagar,2018,45,9016.847610656358,9.106960960485662,9.22775593893696,10.454339086158123,10174.68102156089
Punjab,Shahid Bhagat Singh Nagar,2018,46,5973.59027132422,8.695270800611468,8.266070033793882,9.028263644086378,3888.6327903686933
Punjab,Shahid Bhagat Singh Nagar,2018,47,2148.787450277153,7.673124255898496,6.50816406434356,6.330395857974963,669.5941190726329
Punjab,Shahid Bhagat Singh Nagar,2018,48,161.40749044054832,5.090108550066318,4.612874671232078,3.229728250951349,99.77342411593386
Haryana,Sirsa,2017,39,18.87931068741248,2.989679526955878,5.170767429185174,5.189767106944052,175.04989148001647
Haryana,Sirsa,2017,40,641.7995096796709,6.465832871074752,5.163322628251132,6.02749503390365,173.7441017867692
Haryana,Sirsa,2017,41,2315.8122621417974,7.747947494883623,7.756643575100804,7.654988581985026,2336.0473026719824
Haryana,Sirsa,2017,42,8122.941660893734,9.002570741592972,8.753839876398926,8.417348449669229,6333.966954468943
Haryana,Sirsa,2017,43,20806.04527295846,9.943046923384498,10.182996029118627,9.49930038091277,26448.59245710095
Haryana,Sirsa,2017,44,56594.714451508415,10.943688544920198,10.766504961415423,10.568823213854966,47405.041691918814
Haryana,Sirsa,2017,45,68384.76371241946,11.132919949088627,12.257037467506088,11.405924911631347,210456.17505884625
Haryana,Sirsa,2017,46,99635.64459567112,11.509285293534816,12.088265836781108,11.502825084385938,177772.5515004259
Haryana,Sirsa,2017,47,115991.33460355434,11.661279386901214,9.700429274835905,10.828504938968768,16323.613439861789
Haryana,Sirsa,2017,48,25286.94583647929,10.138083112026633,8.11891042720667,8.638196250678053,3356.3606626435007
Haryana,Sirsa,2018,40,162.30701669082484,5.095631967153897,5.6307251075606235,6.02749503390365,277.8642509167247
Haryana,Sirsa,2018,41,339.7073198385235,5.831023809139748,7.408164259002743,7.654988581985026,1648.3957026645912
Haryana,Sirsa,2018,42,1966.050818477168,7.58429065358007,7.823070422275133,8.417348449669229,2496.562217876654
Haryana,Sirsa,2018,43,8692.007119276672,9.070274202045331,8.904782176631876,9.49930038091277,7366.120303717018
Haryana,Sirsa,2018,44,31433.06254531126,10.3556473783687,10.423561080243688,10.568823213854966,33642.02659765853
Haryana,Sirsa,2018,45,126996.93444508428,11.75192610109653,11.334444471802394,11.405924911631347,83652.99567008462
Haryana,Sirsa,2018,46,106665.2459387122,11.577460041775447,12.128478266600464,11.502825084385938,185066.93754119723
Haryana,Sirsa,2018,47,63152.86496171595,11.053329328783347,10.547081065410294,10.828504938968768,38065.16334774468
Haryana,Sirsa,2018,48,11647.374800664524,9.362921947173643,9.199265026498106,8.638196250678053,9888.857603631652
Haryana,Sonipat,2017,39,0.4474173539248726,0.3697808331008776,1.7202897272644606,1.0844499293967456,4.58614668884188
Haryana,Sonipat,2017,40,9.502807179268506,2.3516425718382505,1.461645527783144,2.6354712938768237,3.313050937337297
Haryana,Sonipat,2017,41,14.057835462593804,2.7118984844585357,3.068940064150786,3.4709430020258316,20.519081736598807
Haryana,Sonipat,2017,42,30.83944269981016,3.4607058576763348,3.7191944156220087,3.736481953122,40.23116554335318
Haryana,Sonipat,2017,43,82.33126283847008,4.422823782947113,4.206447195592741,4.5725491965066665,66.11765979687365
Haryana,Sonipat,2017,44,316.31623863712684,5.7598988748312365,5.1788368986751445,5.395784846775159,176.47626801898195
Haryana,Sonipat,2017,45,851.507962970522,6.748182549841933,5.964925109140386,5.855216861521824,388.523855202107
Haryana,Sonipat,2017,46,1438.6602014970154,7.272162393541838,6.079025158585795,5.836372890020966,435.60336815057246
Haryana,Sonipat,2017,47,1632.216412922338,7.398306608943257,6.054250912833061,5.884549817593303,424.91973491868237
Haryana,Sonipat,2017,48,642.699521588086,6.46723203583643,5.315765457598178,4.611395587605036,202.52023963403659
Haryana,Sonipat,2018,40,2.341518567623667,1.2064253646268002,2.5313100098572474,2.6354712938768237,11.569962129853545
Haryana,Sonipat,2018,41,3.8103381329055215,1.570767379548244,2.8705478534320577,3.4709430020258316,16.64668334808994
Haryana,Sonipat,2018,42,14.171800022535953,2.7194384430474554,3.202806951748087,3.736481953122,23.60148856175543
Haryana,Sonipat,2018,43,38.28175556280459,3.670760176041626,4.103721905975545,4.5725491965066665,59.565286927777784
Haryana,Sonipat,2018,44,103.904161848065,4.653047189048655,5.0712039573223,5.395784846775159,158.36608184918245
Haryana,Sonipat,2018,45,258.0824287694119,5.5571462688632245,5.4791274303873285,5.855216861521824,238.6375157061204
Haryana,Sonipat,2018,46,679.2865415743204,6.522514094080685,5.860559692359084,5.836372890020966,349.9204965868577
Haryana,Sonipat,2018,47,326.9816876430895,5.792957776469137,6.1367953567944795,5.884549817593303,461.5688250473759
Haryana,Sonipat,2018,48,77.23464531260633,4.359712584128435,5.298404061803368,4.611395587605036,199.01733980269478
Punjab,Tarn Taran,2017,39,145.80660842984807,4.9891161317193,7.078883077166287,6.706195549194338,1185.6423900744667
Punjab,Tarn Taran,2017,40,2695.0036477936537,7.899525825070471,7.435380589477051,8.331984742131961,1693.9026583731454
Punjab,Tarn Taran,2017,41,12005.302266859524,9.393186979811672,9.22116463971999,9.576411486016898,10107.830620736033
Punjab,Tarn Taran,2017,42,36162.21824302588,10.49579781062952,10.57864417081579,10.104827154160038,39285.81207050329
Punjab,Tarn Taran,2017,43,48809.08220457728,10.795692173054684,11.060146584292502,10.602712366073227,63584.87187317476
Punjab,Tarn Taran,2017,44,88806.79134597746,11.394229665513928,11.730828985393272,11.085141679303872,124345.70926525292
Punjab,Tarn Taran,2017,45,57319.28714723449,10.956409891476568,11.749014215360289,11.197671410447956,126627.66886175332
Punjab,Tarn Taran,2017,46,31284.44504167636,10.350908253732477,9.938866454205899,9.892742868382422,20719.243623721213
Punjab,Tarn Taran,2017,47,7355.014971884061,8.903273621051676,7.718334163090396,7.53674857968114,2248.209641604113
Punjab,Tarn Taran,2017,48,247.28761039060728,5.514587793526969,5.1651961297354,4.900593627071594,174.07179198902438
Punjab,Tarn Taran,2018,40,3398.021292856563,8.13124281412385,8.061664420289661,8.331984742131961,3169.562894306547
Punjab,Tarn Taran,2018,41,4232.832381351601,8.350862862189286,9.263992831308682,9.576411486016898,10550.178420676251
Punjab,Tarn Taran,2018,42,18816.23715056934,9.842528598460888,9.981449549538567,10.104827154160038,21620.63147098013
Punjab,Tarn Taran,2018,43,53432.85126758419,10.886199742975212,10.748056308458334,10.602712366073227,46538.48208724127
Punjab,Tarn Taran,2018,44,89368.99727526623,11.4005403038872,11.476533041937257,11.085141679303872,96425.18206790078
Punjab,Tarn Taran,2018,45,63045.803969221335,11.051632649691472,11.531333765753654,11.197671410447956,101856.87780109963
Punjab,Tarn Taran,2018,46,16453.1576948668,9.708333471666588,10.565049014389107,9.892742868382422,38755.315974468576
Punjab,Tarn Taran,2018,47,3575.338169480709,8.182094698231879,7.839777144673787,7.53674857968114,2538.6387987242506
Punjab,Tarn Taran,2018,48,205.21503666532567,5.328919491646366,4.886505547074825,4.900593627071594,131.48978486222285
Haryana,Yamunanagar,2017,39,22.67112465387028,3.164255936291114,5.958615909322392,4.937881263848259,386.07400778076124
Haryana,Yamunanagar,2017,40,414.5192306574975,6.029528896395342,5.497963076489054,5.907241488329401,243.19402079040148
Haryana,Yamunanagar,2017,41,503.9080358862796,6.224376305535956,7.177038863013942,6.807075852218792,1308.0263073735407
Haryana,Yamunanagar,2017,42,1189.4237561370385,7.082064620312025,7.2164474998088854,7.0011630874807596,1360.6432205792287
Haryana,Yamunanagar,2017,43,2845.637655831169,7.953893806902565,7.903778541442682,7.486164418225914,2706.493400659647
Haryana,Yamunanagar,2017,44,3502.6147666639363,8.161550504991759,8.072491034655432,7.949077830940406,3204.075848186101
Haryana,Yamunanagar,2017,45,2155.292698490628,7.6761456827821615,7.786785378509175,7.833245902156963,2407.5625072601943
Haryana,Yamunanagar,2017,46,984.759176218808,6.893412081584618,7.279861009883363,6.970180843918847,1449.7863661342349
Haryana,Yamunanagar,2017,47,516.2448261892831,6.248516314041616,5.927115315932744,5.953636969995574,374.07099045455305
Haryana,Yamunanagar,2017,48,139.87444362739143,4.947869022945869,3.7425177016333113,4.677662926540917,41.20411388146331
Haryana,Yamunanagar,2018,40,361.46462596649576,5.892926885992445,6.300807357090682,5.907241488329401,544.0117516496504
Haryana,Yamunanagar,2018,41,530.1045430785126,6.274958881484241,6.563494466082177,6.807075852218792,707.7440543496913
Haryana,Yamunanagar,2018,42,1105.0039974604626,7.00850879641613,6.782287323849614,7.0011630874807596,881.0840302399959
Haryana,Yamunanagar,2018,43,1127.8172618465348,7.02892569263158,7.63008988464858,7.486164418225914,2058.2351051428254
Haryana,Yamunanagar,2018,44,1204.9908666716206,7.095056804017674,7.384299043254647,7.949077830940406,1609.4985094561955
Haryana,Yamunanagar,2018,45,1208.120968286436,7.097648902091227,7.864846056149327,7.833245902156963,2603.109507848079
Haryana,Yamunanagar,2018,46,906.6316208335928,6.810838592353428,7.059176820485259,6.970180843918847,1162.4870127863624
Haryana,Yamunanagar,2018,47,442.6311744846572,6.094993529122059,6.140967867809146,5.953636969995574,463.502930797661
Haryana,Yamunanagar,2018,48,131.7876162344752,4.888750981447744,4.24551466852208,4.677662926540917,68.79167047804965
